customer_id,first_name,last_name,age,gender,postal_code,email,phone_number,membership_status,join_date,last_purchase_date,total_spending,average_order_value,frequency,preferred_category,churned
101,Léa,King,60.0,M,69003,Lking@orange.fr,33765451688,Basic,2024-01-01 15:21:20,2024-01-01 12:56:21,205.92,1124.64,26,Macaron,False
102,Chloé,Smith,31.0,F,69006,CSMITH@HOTMAIL.COM,0,Gold,2024-01-01 15:33:08,2024-01-01 16:06:59,744.21,4403.42,24,Bread,False
103,Harper,Robinson,38.0,M,69006,harperr@yahoo.com,33148254771,Basic,2022-01-25 14:34:29,2024-01-01 09:24:33,929.52,42.25,22,Pastries,False
104,Ethan,Rodriguez,54.0,F,69001,ETHAN_RODRIGUEZ@YANDEX.COM,33118046627,Basic,2024-01-01 10:31:08,2023-07-17 10:10:22,731.21,33.24,22,Unknown,False
105,Ava,Allen,50.0,F,69006,Ava.allen@hotmail.com,33267246001,Silver,2000-03-16 16:03:16,2023-05-18 13:24:22,629.48,16.57,38,Bread,True
106,Amélie,Schmidt,45.0,F,69003,Amélie.schmidt@protonmail.com,33410798418,Gold,2023-11-18 11:52:02,2024-01-01 10:05:57,776.1,38.8,20,Bread,False
107,Mia,Leroy,67.0,F,69003,Mia.leroy@yahoo.com,33440143651,Gold,2024-01-01 14:35:28,2023-03-09 12:25:48,840.89,5191.52,23,Pastries,True
108,Finn,Weber,34.0,F,69003,finnw@laposte.net,33249004719,Silver,2016-11-10 15:58:24,2023-12-13 10:31:55,455.76,455.76,1,Pastries,False
109,Chloe,Dubois,21.0,F,69007,Chloed@yahoo.com,33124046901,Basic,2023-05-15 16:40:42,2023-12-26 09:16:37,579.15,115.83,5,Pastries,True
110,Hannah,Miller,28.0,F,69007,hmiller@web.de,6,Silver,2023-08-06 11:23:27,2024-01-01 10:49:45,704.1,25.15,28,Pastries,False
111,Harry,Hoffmann,48.0,F,69002,harry.hoffmann@laposte.net,33413173236,Silver,2022-11-06 10:19:12,2023-06-09 16:53:49,920.32,61.35,15,Tarte,False
112,Henry,Harris,40.0,F,69007,Henryharris@outlook.com,33482989535,Silver,2024-01-01 11:20:40,2023-03-26 16:48:49,709.73,17.31,41,Pastries,True
113,James,Moreau,67.0,M,69001,james_moreau@outlook.com,33378908896,Gold,2024-01-01 11:26:56,2024-01-01 10:26:21,266.9,7.63,35,Tarte,False
114,Charlotte,Adams,38.0,F,69007,charlottea@web.de,33551328360,BASIC,2024-01-01 14:48:48,2023-10-13 10:20:33,468.31,11.42,41,Tarte,False
115,Paul,Richard,25.0,F,69007,Paul.richard@yandex.com,33724009690,Silver,2019-09-28 10:19:08,2010-03-29 16:30:48,566.45,15.31,37,Pastries,False
116,Benjamin,Garcia,59.0,F,69001,Benjamin_garcia@protonmail.com,33844144576,Basic,2025-01-02 15:42:50,2023-09-10 12:07:26,713.8,18.3,39,Bread,Yes
117,Emma,Meyer,18.0,M,69006,Emmam@yahoo.com,33304782347,Gold,2024-01-01 15:12:36,2023-12-20 09:26:55,341.27,17.96,19,Macaron,False
118,Amelia,Bernard,36.0,F,69002,ameliab@outlook.com,26,Gold,2024-01-01 16:25:45,2023-12-19 15:18:08,619.42,15.49,40,Pastries,False
119,Sophie,Anderson,33.0,M,69003,SOPHIE.ANDERSON@FREE.FR,33355106205,BASIC,2023-09-24 15:04:56,2024-01-01 14:37:54,507.18,56.35,9,Bread,True
120,Lukas,Hall,66.0,M,69002,Lhall@protonmail.com,33682568671,Silver,2021-04-18 09:15:25,2023-06-13 09:05:51,380.82,13.13,29,Unknown,False
121,Alexander,White,49.0,M,69001,ALEXANDER_WHITE@ICLOUD.COM,33402406005,GOLD,2025-01-02 13:13:11,2023-12-13 15:29:16,708.7,78.74,9,Pastries,False
122,Thomas,Johnson,21.0,M,69003,thomasj@orange.fr,33940215217,basic,2023-07-11 15:06:32,2024-01-01 15:20:34,160.38,5.17,31,Bread,False
123,Lucas,Martin,45.0,M,69003,LUCAS_MARTIN@FREE.FR,33659507525,gold,2022-10-20 09:20:55,2023-09-08 15:14:12,248.04,22.55,11,Bread,False
124,Marie,Müller,47.0,F,69002,MARIEM@ORANGE.FR,33452993536,Silver,2024-01-01 15:48:10,2022-11-12 11:37:38,724.87,241.62,3,,False
125,Oliver,Schneider,47.0,F,69002,Olivers@yahoo.com,33704360544,Gold,2024-01-01 09:54:53,2024-01-01 16:48:43,179.67,7.49,24,Unknown,False
126,Louis,Robert,41.0,M,69001,louis_robert@hotmail.com,33587452449,Silver,2024-01-01 15:38:42,2024-01-01 11:50:01,669.56,17.17,39,Bread,True
127,Hugo,Scott,48.0,,69003,Hugos@gmx.de,33499807451,Silver,2024-01-01 13:42:06,2018-06-01 13:57:46,72.08,36.04,2,Macaron,True
128,Liam,Becker,41.0,M,69002,Lbecker@gmail.com,33902788660,Basic,2021-03-02 13:45:30,2023-05-28 16:37:26,854.2,17.08,50,Pastries,True
129,William,Martinez,36.0,F,69003,wmartinez@gmx.de,33694459920,Silver,2023-07-25 16:20:52,2019-10-30 13:05:11,617.9,12.87,48,Pastries,False
130,Mason,Thompson,23.0,F,69006,MASONT@YANDEX.COM,+2924225555366,gold,2024-09-14 14:06:58,2024-01-01 11:40:06,468.12,17.34,27,Tarte,False
131,Jack,Fischer,45.0,F,69002,jack_fischer@free.fr,33521290487,Silver,2024-01-01 16:43:28,2024-01-01 10:57:08,135.05,4.82,28,Macaron,True
132,Noah,Lewis,53.0,M,69006,NOAH.LEWIS@ICLOUD.COM,33540002343,SILVER,2022-08-09 15:14:06,2024-01-01 09:05:04,493.63,17.63,28,Bread,1
133,Emily,Walker,41.0,U,69001,Emilywalker@icloud.com,33114831632,Basic,2021-03-21 12:51:15,2023-12-19 10:17:57,63.03,1.47,43,To Be Determined,False
134,Isabella,Laurent,57.0,F,69003,isabellal@free.fr,6,Basic,2021-08-16 09:09:32,2024-01-01 16:54:02,313.07,14819.12,3,,False
135,Emma,Brown,25.0,M,69006,EMMA.BROWN@GMX.DE,33990381653,Silver,2023-07-28 16:47:31,2024-01-01 14:42:23,403390.35,28.09,8,Pastries,False
136,Leon,Jackson,53.0,F,69003,leon.jackson@gmail.com,33841617689,Silver,2024-01-01 11:35:47,2024-01-01 09:02:59,247.61,6.04,41,Pastries,False
137,Sophia,Young,42.0,Other,69001,Sophia_young@mail.com,33409929467,Basic,2022-11-02 12:42:10,2024-01-01 15:36:29,571.91,571.91,1,Pastries,False
138,Olivia,Clark,70.0,F,69006,Olivia.clark@wanadoo.fr,+9953659644559,Silver,2021-07-08 10:35:49,2014-09-26 13:35:32,715.55,14.6,49,Macaron,True
139,Sophie,Petit,20.0,F,69006,sophiep@yandex.com,33345123788,Gold,2024-01-01 15:46:57,2024-01-01 10:59:25,704.28,176.07,4,Tarte,False
140,Léa,Wilson,26.0,F,69006,lwilson@hotmail.com,0,Gold,2024-01-01 09:36:23,2024-01-01 13:25:09,703.87,24.27,29,Bread,True
141,Chloé,Durand,46.0,M,69003,CHLOÉ.DURAND@OUTLOOK.COM,+1071965596880,Silver,2021-04-11 15:54:09,2019-06-25 14:40:09,342.51,12.23,28,TBD,False
142,Harper,Baker,45.0,M,69001,HARPER.BAKER@YANDEX.COM,33991903375,Basic,2023-10-14 10:57:21,2024-01-01 14:58:15,134.98,5.4,25,Tarte,False
143,Ethan,Schulz,44.0,F,69006,ETHANSCHULZ@YANDEX.COM,33722079967,Basic,2022-03-21 13:22:53,2023-12-07 16:23:17,443.88,34.14,13,Macaron,0
144,Ava,Moore,20.0,M,69001,ava.moore@yandex.com,33148195313,BASIC,2024-01-01 13:45:55,2024-01-01 09:43:32,72.67,3.82,19,Pastries,False
145,Amélie,Wright,62.0,M,69002,AMÉLIE.WRIGHT@HOTMAIL.COM,33490953652,Silver,2023-03-13 11:47:41,2024-01-01 13:53:49,147818.25,2.5,33,Pastries,False
146,Mia,Thomas,52.0,M,69007,mia_thomas@orange.fr,33159115971,Silver,2024-01-01 10:52:47,2023-09-02 15:35:41,108.22,2.21,49,Bread,Yes
147,Finn,Simon,55.0,M,69007,FSIMON@PROTONMAIL.COM,8,Gold,2024-01-01 14:49:56,2023-12-11 13:57:02,792.34,20.85,38,Pastries,False
148,Chloe,Taylor,29.0,F,69003,chloet@free.fr,33662680686,Basic,2023-03-26 14:37:15,2024-01-01 09:21:18,499.59,62.45,8,Macaron,False
149,Hannah,Wagner,49.0,F,69001,Hannah.wagner@gmail.com,33428721077,Basic,2019-06-08 11:06:20,2023-12-07 16:53:14,578.68,22.26,26,Tarte,False
150,Harry,Green,65.0,F,69002,Harrygreen@protonmail.com,33737394614,Gold,2022-11-23 16:35:50,2023-03-23 15:14:32,131.69,2.99,44,Tarte,True
151,Henry,King,35.0,M,69003,HKING@GMX.DE,84,Basic,2001-08-14 14:07:47,2015-09-26 14:57:14,481.66,14.6,33,Tarte,False
152,James,Smith,35.0,F,69006,James_smith@laposte.net,33678413665,Gold,2024-01-01 14:03:03,2023-07-13 16:46:00,740.88,21.17,35,Macaron,False
153,Charlotte,Robinson,45.0,M,69002,CHARLOTTER@WANADOO.FR,33812517973,gold,2024-01-01 13:44:46,2023-11-23 13:28:45,361.8,9.52,38,Pastries,False
154,Paul,Rodriguez,42.0,M,69007,paul_rodriguez@laposte.net,+4973578667496,Silver,2024-01-01 13:18:39,2022-06-16 13:55:05,363.27,181.63,2,Macaron,True
155,Benjamin,Allen,45.0,M,69001,benjamin_allen@yahoo.com,33447016493,Basic,2019-07-26 15:13:41,2023-06-01 09:11:48,266.39,15.67,17,Bread,False
156,Emma,Schmidt,66.0,F,69001,EMMA_SCHMIDT@OUTLOOK.COM,33572120136,Gold,2024-01-01 13:49:56,2015-02-09 12:44:24,682.74,62.07,11,Bread,False
157,Amelia,Leroy,45.0,M,69003,aleroy@orange.fr,33375075727,Basic,2024-01-01 15:29:00,2024-01-01 09:31:41,523.49,43.62,12,Macaron,False
158,Sophie,Weber,43.0,M,69007,SOPHIE_WEBER@GMAIL.COM,33681949075,Basic,2023-11-14 14:22:39,2005-09-14 11:18:15,939.23,19.17,49,Macaron,False
159,Lukas,Dubois,41.0,Unknown,69006,ldubois@yahoo.com,33378335390,GOLD,2013-09-27 15:05:05,2023-01-14 13:20:10,687.82,36.2,19,Macaron,False
160,Alexander,Miller,44.0,F,69003,alexander.miller@orange.fr,33892779814,Silver,2024-01-01 13:45:55,2023-12-03 10:49:35,629.95,314.98,2,,False
161,Thomas,Hoffmann,45.0,F,69003,THOMAS.HOFFMANN@MAIL.COM,33506058783,Basic,2024-01-01 09:43:50,2023-05-15 16:02:20,944.89,67.49,14,Pastries,True
162,Lucas,Harris,26.0,F,69003,lharris@orange.fr,33368867744,Gold,2023-10-03 14:46:03,2023-11-19 16:51:54,995.14,23.14,43,Pastries,False
163,Marie,Moreau,20.0,M,69001,Mmoreau@wanadoo.fr,+7354251155524,Silver,2021-08-12 13:22:59,2023-09-23 09:13:14,614.36,12.54,49,To Be Determined,False
164,Oliver,Adams,60.0,F,69006,OLIVERA@FREE.FR,33682485084,silver,2021-04-18 09:33:15,2024-01-01 15:50:00,369.05,1218.36,43,Tarte,True
165,Louis,Richard,45.0,M,69001,Louisrichard@gmx.de,33673494636,Silver,2022-06-06 10:40:30,2002-07-23 14:57:44,617.23,17.15,36,Pastries,True
166,Hugo,Garcia,22.0,M,69001,hugog@free.fr,33798344858,Silver,2023-04-19 11:20:24,2024-01-01 10:21:19,793.86,28.35,28,Pastries,False
167,Liam,Meyer,28.0,M,69003,LIAM.MEYER@WEB.DE,33666083986,Silver,2012-10-29 14:41:25,2014-02-26 09:34:20,904.08,27.4,33,Bread,True
168,William,Bernard,63.0,M,69001,WILLIAM_BERNARD@MAIL.COM,33430426320,gold,2024-01-01 14:04:25,2023-08-08 12:41:35,884.95,44.25,20,Macaron,False
169,Mason,Anderson,45.0,F,69003,MANDERSON@ORANGE.FR,+9092107462664,Silver,2022-02-07 13:00:41,2023-10-27 09:37:50,763.63,20.1,38,Macaron,False
170,Jack,Hall,52.0,F,69007,JACK_HALL@LAPOSTE.NET,33818035839,Basic,2022-04-26 14:37:19,2024-01-01 13:07:39,78.3,1.82,43,TBD,True
171,Noah,White,39.0,M,69006,NOAHWHITE@OUTLOOK.COM,33547271961,Gold,2024-01-01 10:32:02,2023-02-13 14:35:39,424.78,28.32,15,Macaron,True
172,Emily,Johnson,60.0,M,69006,EMILY_JOHNSON@LAPOSTE.NET,33143055569,silver,2023-11-24 12:04:21,2023-03-01 16:25:52,518.02,21.58,24,Bread,True
173,Isabella,Martin,45.0,M,69006,isabellam@protonmail.com,33280780652,Silver,2022-02-01 09:21:22,2023-11-08 10:18:59,969533.35,49.1,11,To Be Determined,False
174,Emma,Müller,45.0,M,69001,emmam@gmx.de,33559163483,SILVER,2021-01-19 09:22:22,2023-12-09 14:42:57,216.29,10.3,21,Tarte,False
175,Leon,Schneider,41.0,M,69007,leons@mail.com,33490473303,Basic,2023-12-11 14:22:05,2024-01-01 09:26:24,316.13,3740.28,12,Pastries,True
176,Sophia,Robert,44.0,F,69003,sophia.robert@protonmail.com,33317382969,Silver,2021-04-05 12:35:15,2023-10-26 10:14:25,468.09,12.32,38,Macaron,False
177,Olivia,Scott,57.0,M,69001,olivia_scott@orange.fr,33196292443,Gold,2024-01-01 15:32:28,2024-01-01 10:20:44,427.23,61.03,7,Pastries,False
178,Sophie,Becker,75.0,M,69001,SBECKER@HOTMAIL.COM,33221671325,Basic,2022-09-17 11:46:46,2023-12-10 10:07:03,732.94,73.29,10,Bread,False
179,Léa,Martinez,40.0,M,69003,léa.martinez@mail.com,0,Basic,2021-07-24 13:37:50,2024-01-01 14:43:26,981.83,17427.66,8,Pastries,True
180,Chloé,Thompson,25.0,F,69001,Chloét@free.fr,33371492535,Silver,2024-02-24 09:19:34,2023-09-24 14:59:46,779.24,70.84,11,Macaron,False
181,Harper,Fischer,20.0,F,69007,Harper_fischer@web.de,33630901444,Basic,2024-01-01 13:54:57,2024-01-01 09:02:24,566.57,31.48,18,Pastries,False
182,Ethan,Lewis,45.0,M,69003,ethan_lewis@web.de,33624131406,Gold,2022-11-25 15:29:13,2023-05-12 15:51:57,1474772.0,74.69,11,Bread,Yes
183,Ava,Walker,70.0,M,69007,ava.walker@laposte.net,+5755749037313,Gold,2008-01-18 15:33:21,2024-01-01 14:08:55,253777.1,5.89,24,To Be Determined,True
184,Amélie,Laurent,61.0,F,69007,Alaurent@mail.com,33905531771,Basic,2000-09-24 15:00:14,2023-05-07 12:29:02,521.14,21.71,24,Pastries,True
185,Mia,Brown,43.0,,69002,Mbrown@yandex.com,+3079269107111,Silver,2022-11-19 12:29:04,2023-07-07 10:50:54,933.07,31.1,30,Bread,1
186,Finn,Jackson,19.0,,69001,finn_jackson@hotmail.com,33995366086,Basic,2014-01-21 15:35:10,2023-11-27 13:42:44,341.29,12.64,27,,False
187,Chloe,Young,25.0,M,69002,chloey@icloud.com,33530113611,Silver,2025-04-15 11:05:54,2024-01-01 15:31:03,297.5,12.4,24,Bread,False
188,Hannah,Clark,54.0,M,69006,hannah.clark@laposte.net,5,Basic,2023-06-02 09:08:29,2023-01-11 09:37:39,875.03,18.62,47,Bread,True
189,Harry,Petit,19.0,F,69002,HARRY_PETIT@GMX.DE,33420581639,Silver,2023-04-17 10:43:07,2023-12-07 16:01:45,64.71,1.62,40,To Be Determined,False
190,Henry,Wilson,69.0,M,69003,hwilson@gmail.com,33340946909,Gold,2024-01-01 10:58:40,2018-04-08 11:45:24,833.31,55.55,15,Macaron,False
191,James,Durand,30.0,F,69002,Jamesd@orange.fr,+3444864040618,Gold,2024-01-01 09:52:05,2017-08-27 13:03:31,915.82,28.62,32,Macaron,False
192,Charlotte,Baker,32.0,F,69007,charlotteb@free.fr,33545889036,Silver,2024-01-01 13:35:15,2024-01-01 15:04:21,710.33,39.46,18,Macaron,True
193,Paul,Schulz,70.0,F,69003,pauls@yahoo.com,33617478768,silver,2021-06-14 15:03:03,2024-01-01 15:33:00,967433.2,10.78,50,Bread,False
194,Benjamin,Moore,63.0,F,69002,benjaminm@free.fr,33325127574,Gold,2017-05-13 10:27:20,2024-01-01 16:17:07,946.1,55.65,17,,False
195,Emma,Wright,47.0,F,69007,emmawright@wanadoo.fr,33406234242,gold,2024-01-01 16:21:53,2024-01-01 12:01:31,717.35,65.21,11,To Be Determined,False
196,Amelia,Thomas,24.0,M,69003,ameliathomas@web.de,+4199908612506,Silver,2024-01-01 10:55:34,2024-01-01 15:34:49,935.06,935.06,1,Pastries,False
197,Sophie,Simon,43.0,M,69006,sophie.simon@hotmail.com,33825431262,Basic,2024-01-01 10:33:40,2024-01-01 12:14:12,696.81,69.68,10,Tarte,False
198,Lukas,Taylor,36.0,M,69006,Lukast@hotmail.com,33893218408,Basic,2024-01-01 13:16:15,2024-01-01 15:03:31,688.35,38.24,18,,False
199,Alexander,Wagner,45.0,F,69001,alexander.wagner@laposte.net,33992597299,Gold,2022-06-01 13:23:00,2023-10-10 14:43:03,107.45,3.07,35,Bread,False
200,Thomas,Green,59.0,M,69007,tgreen@outlook.com,33771410493,Gold,2024-01-01 11:30:38,2024-01-01 13:16:16,375693.5,5.37,39,Bread,False
201,Lucas,King,18.0,M,69006,lucasking@outlook.com,+1275501288452,Silver,2024-01-01 09:46:31,2023-01-15 16:25:53,649.06,24.96,26,Tarte,True
202,Marie,Smith,47.0,M,69001,MARIES@WANADOO.FR,0,Basic,2022-04-16 15:21:42,2023-03-09 12:34:47,564.67,35.29,16,Pastries,True
203,Oliver,Robinson,36.0,F,69001,oliver_robinson@laposte.net,33901537617,BASIC,2024-01-01 15:59:03,2024-01-01 15:24:26,527.49,11.47,46,Tarte,False
204,Louis,Rodriguez,57.0,M,69006,lrodriguez@mail.com,33243588577,Gold,2021-08-16 09:10:03,2023-11-05 10:52:55,432.04,1427.1,43,,False
205,Hugo,Allen,41.0,F,69007,HALLEN@FREE.FR,33654162445,Basic,2024-01-01 12:14:07,2024-01-01 13:28:10,776.57,388.29,2,Not Available,False
206,Liam,Schmidt,45.0,,69006,liam_schmidt@yandex.com,33375328489,Silver,2021-07-12 11:38:13,2024-01-01 10:35:25,579.02,32.17,18,Bread,False
207,William,Leroy,51.0,F,69001,WILLIAM.LEROY@ORANGE.FR,+6192774642923,Gold,2024-01-01 10:00:22,2024-01-01 12:39:40,847.6,27.34,31,Pastries,False
208,Mason,Weber,29.0,F,69007,MASON_WEBER@ORANGE.FR,33127776729,Gold,2016-07-03 12:26:52,2016-07-25 11:42:02,748.58,46.79,16,Tarte,True
209,Jack,Dubois,43.0,M,69001,jackd@wanadoo.fr,33835940829,SILVER,2024-01-01 13:01:14,2024-01-01 10:22:56,887.23,295.74,3,Pastries,False
210,Noah,Miller,61.0,M,69001,NOAHM@HOTMAIL.COM,33223656002,Silver,2024-01-01 10:24:10,2017-12-21 11:46:08,59.82,19.94,3,Pastries,False
211,Emily,Hoffmann,35.0,,69007,emily.hoffmann@mail.com,33407588643,Gold,2022-01-09 09:41:30,2023-03-09 15:05:54,1309039.65,23.52,31,Macaron,True
212,Isabella,Harris,55.0,F,69003,ISABELLA.HARRIS@PROTONMAIL.COM,33945071502,Gold,2023-08-23 12:02:42,2023-04-09 16:21:08,546.73,15.19,36,Pastries,True
213,Emma,Moreau,45.0,M,69002,Emma.moreau@mail.com,33803339943,Silver,2021-11-08 09:56:03,2023-05-06 11:42:18,181.88,549.54,47,TBD,True
214,Leon,Adams,34.0,F,69003,Ladams@outlook.com,33536002752,Gold,2021-01-20 12:16:42,2023-09-13 14:59:30,144.24,3.14,46,Pastries,False
215,Sophia,Richard,69.0,M,69006,SOPHIA_RICHARD@GMAIL.COM,33101755035,basic,2024-01-01 10:43:48,2024-01-01 11:11:36,568.84,18.35,31,Pastries,True
216,Olivia,Garcia,49.0,F,69003,oliviag@mail.com,33158521062,gold,2019-11-09 09:59:59,2023-01-22 12:14:31,702096.2999999999,10.87,36,Bread,N
217,Sophie,Meyer,45.0,M,69003,SOPHIE_MEYER@YANDEX.COM,33592039262,BASIC,2022-12-15 16:16:00,2024-01-01 14:22:42,287.63,15.98,18,Pastries,N
218,Léa,Bernard,22.0,F,69001,léab@wanadoo.fr,33920829505,Gold,2023-07-27 13:58:12,2023-12-17 09:12:13,700.45,63.68,11,Pastries,False
219,Chloé,Anderson,44.0,F,69002,CHLOÉANDERSON@OUTLOOK.COM,33841777745,Gold,2024-01-01 10:06:23,2024-01-01 11:24:43,686.83,13.74,50,Bread,Y
220,Harper,Hall,53.0,F,69002,hhall@yandex.com,33355919543,Gold,2012-11-29 10:41:54,2023-02-04 14:46:04,616.3,15.03,41,Bread,True
221,Ethan,White,67.0,F,69007,ewhite@icloud.com,33340006680,Gold,2024-01-01 13:00:08,2023-04-20 14:04:35,246.52,14.5,17,Pastries,True
222,Ava,Johnson,55.0,M,69001,AVA.JOHNSON@GMX.DE,33984013168,Basic,2024-01-01 12:53:31,2023-08-18 12:32:10,793.86,28.35,28,Macaron,False
223,Amélie,Martin,60.0,M,69001,Améliem@gmail.com,33528596747,Gold,2024-01-01 09:46:20,2023-04-04 14:45:04,1625623.8,29.21,31,Pastries,True
224,Mia,Müller,32.0,M,69007,mia.müller@yahoo.com,+5636012529067,Gold,2024-01-01 16:04:20,2023-09-22 16:39:00,376.47,11.07,34,Bread,False
225,Finn,Schneider,40.0,M,69003,Finn.schneider@mail.com,+5318221736751,Basic,2022-08-27 10:45:04,2023-09-05 10:26:59,592.65,22.79,26,Macaron,False
226,Chloe,Robert,45.0,,69001,CHLOER@GMX.DE,33804345259,Gold,2024-01-01 14:58:15,2023-03-27 15:52:10,121.25,10.1,12,Pastries,True
227,Hannah,Scott,67.0,F,69007,hannahs@mail.com,33320474102,Basic,2024-01-01 11:40:22,2023-09-17 09:06:55,729.27,31.71,23,Bread,False
228,Harry,Becker,51.0,F,69001,Harrybecker@outlook.com,33248970596,Basic,2021-09-25 15:56:35,2023-05-25 09:55:25,76.29,2.46,31,Macaron,True
229,Henry,Martinez,70.0,F,69002,henry_martinez@yahoo.com,33925697504,SILVER,2022-11-06 10:16:39,2021-02-03 11:14:50,110.39,6.49,17,Bread,False
230,James,Thompson,19.0,M,69007,jthompson@gmail.com,0,Gold,2023-12-19 09:30:49,2023-11-01 09:43:25,640.15,13.92,46,Macaron,False
231,Charlotte,Fischer,27.0,M,69001,cfischer@mail.com,33230696170,Gold,2022-03-05 12:30:52,2023-08-17 09:11:44,57.79,2.41,24,Pastries,False
232,Paul,Lewis,60.0,M,69006,PAUL.LEWIS@MAIL.COM,+827009635851,Basic,2023-03-12 11:43:47,2024-01-01 10:55:53,128.5,3.21,40,Pastries,False
233,Benjamin,Walker,67.0,M,69006,benjaminw@orange.fr,33778273014,Basic,2021-02-14 14:24:11,2023-11-23 16:19:19,374.35,11.34,33,Macaron,False
234,Emma,Laurent,52.0,M,69006,elaurent@hotmail.com,33445229070,Basic,2022-08-23 14:00:35,2024-01-01 13:11:06,897.04,19.5,46,To Be Determined,False
235,Amelia,Brown,45.0,M,69002,ABROWN@GMAIL.COM,33397742453,Silver,2024-11-10 13:36:57,2024-01-01 10:28:22,549.76,17.73,31,Macaron,False
236,Sophie,Jackson,43.0,F,69001,SOPHIE.JACKSON@ORANGE.FR,33429072985,Silver,2022-07-18 16:04:32,2024-01-01 12:06:24,984.99,20.1,49,Macaron,False
237,Lukas,Young,50.0,,69006,Lukas.young@hotmail.com,33134730234,Basic,2021-02-03 13:38:00,2023-03-18 14:27:59,75.6,5.82,13,Bread,True
238,Alexander,Clark,40.0,M,69006,Alexander_clark@hotmail.com,33281090633,Basic,2023-06-09 16:06:13,2020-10-23 10:52:06,299.19,7.67,39,Unknown,False
239,Thomas,Petit,45.0,M,69001,thomas.petit@protonmail.com,33635576643,Gold,2023-02-19 15:40:55,2024-01-01 11:32:12,831.68,25.99,32,Tarte,No
240,Lucas,Wilson,89.0,F,69007,LUCASWILSON@FREE.FR,33964698673,GOLD,2024-01-01 10:56:58,2024-01-01 09:02:19,453.42,14.63,31,Tarte,Yes
241,Marie,Durand,52.0,M,69006,Mdurand@outlook.com,33665996876,Gold,2024-01-01 09:13:11,2024-01-01 15:08:13,436.29,11.79,37,Bread,True
242,Oliver,Baker,49.0,,69003,OLIVER.BAKER@YANDEX.COM,33169353090,Gold,2024-01-01 15:45:10,2024-01-01 15:27:25,915.68,20.81,44,TBD,True
243,Louis,Schulz,68.0,,69006,LSCHULZ@LAPOSTE.NET,33835178746,Silver,2022-02-21 11:53:28,2024-03-30 12:21:48,1692020.85,39.28,24,Macaron,False
244,Hugo,Moore,67.0,M,69006,Hmoore@gmail.com,33111424221,GOLD,2024-01-01 16:51:47,2023-06-16 13:18:37,294.29,32.7,9,Tarte,False
245,Liam,Wright,28.0,M,69001,liamw@laposte.net,33850322812,Gold,2021-02-17 15:24:13,2024-01-01 11:05:00,457.95,41.63,11,Macaron,True
246,William,Thomas,45.0,M,69002,WTHOMAS@HOTMAIL.COM,33608681398,Basic,2022-01-02 16:18:38,2024-01-01 15:17:34,347.21,9.38,37,Tarte,True
247,Mason,Simon,24.0,M,69007,Msimon@free.fr,33507121309,BASIC,2021-10-07 11:01:34,2024-01-01 10:30:08,165.84,9.21,18,Bread,False
248,Jack,Taylor,41.0,M,69001,JACK_TAYLOR@YAHOO.COM,33489044408,Gold,2023-11-03 14:13:13,2014-12-18 10:19:55,178.05,3.63,49,Macaron,False
249,Noah,Wagner,45.0,F,69003,Noahwagner@gmx.de,33682866690,Gold,2021-06-18 16:59:00,2019-11-16 13:15:51,235.49,235.49,1,Bread,False
250,Emily,Green,47.0,M,69006,EGREEN@MAIL.COM,5,Gold,2023-08-25 15:41:01,2023-07-12 15:38:42,941.94,26.17,36,,False
251,Isabella,King,29.0,M,69002,iking@laposte.net,+40,Gold,2023-01-19 11:16:50,2024-01-01 11:44:16,223.58,6.21,36,Pastries,True
252,Emma,Smith,63.0,F,69003,Emmas@mail.com,+3569376734525,Basic,2023-03-02 13:28:50,2024-01-01 12:25:21,743.9,123.98,6,Macaron,False
253,Leon,Robinson,44.0,,69002,leon.robinson@icloud.com,33819729249,Silver,2023-04-12 11:56:21,2023-02-07 14:15:46,185.38,5.98,31,,True
254,Sophia,Rodriguez,54.0,M,69003,sophiarodriguez@free.fr,33417470675,Gold,2024-01-30 11:27:33,2024-01-01 15:05:01,976.3,108.48,9,Pastries,True
255,Olivia,Allen,65.0,F,69003,Olivia.allen@laposte.net,9,Gold,2024-01-01 09:11:19,2024-01-01 11:16:48,300.75,10.03,30,,True
256,Sophie,Schmidt,53.0,F,69002,SOPHIE_SCHMIDT@YANDEX.COM,33732146605,Basic,2024-01-01 14:24:29,2024-01-01 16:17:53,339.68,16.18,21,,N
257,Léa,Leroy,45.0,M,69007,léa_leroy@web.de,33119118033,Basic,2021-11-01 16:21:47,2023-12-03 14:57:16,110.88,829.28,19,Pastries,False
258,Chloé,Weber,27.0,F,69002,chloé_weber@gmail.com,29,Gold,2022-08-09 10:22:17,2024-01-01 10:44:25,896.73,24.24,37,Macaron,False
259,Harper,Dubois,59.0,M,69003,harperdubois@wanadoo.fr,33131468063,Silver,2022-08-24 12:43:07,2024-01-01 14:32:03,894.71,49.71,18,Pastries,True
260,Ethan,Miller,48.0,M,69007,Ethan_miller@wanadoo.fr,33115943417,BASIC,2022-12-19 11:11:31,2023-06-20 13:24:24,265.22,9.15,29,Bread,False
261,Ava,Hoffmann,51.0,M,69007,avahoffmann@orange.fr,33262037363,Silver,2023-08-06 10:13:51,2023-10-19 09:02:42,82.74,5.17,16,Pastries,False
262,Amélie,Harris,47.0,F,69001,Amélie.harris@mail.com,+6017103672809,basic,2024-01-01 09:57:12,2024-01-01 11:49:38,141.31,4.04,35,,False
263,Mia,Moreau,45.0,M,69006,MMOREAU@YAHOO.COM,33302582644,Gold,2021-03-12 15:07:24,2024-01-01 16:59:18,711.93,79.1,9,,1
264,Finn,Adams,28.0,M,69007,fadams@icloud.com,33284045979,Silver,2022-12-25 13:04:12,2010-04-01 11:16:00,807.01,201.75,4,Tarte,True
265,Chloe,Richard,61.0,F,69003,Chloe_richard@icloud.com,33315562454,Gold,2022-02-01 10:35:23,2023-03-05 14:21:01,945.07,27.8,34,Tarte,True
266,Hannah,Garcia,51.0,F,69001,hgarcia@orange.fr,+8603687271405,Basic,2022-07-20 15:50:59,2024-01-01 12:32:07,426.09,14.69,29,,False
267,Harry,Meyer,44.0,F,69007,HARRY.MEYER@YAHOO.COM,+2299306814699,Basic,2021-07-02 10:22:27,2016-10-19 13:26:21,79.13,5.65,14,,False
268,Henry,Bernard,63.0,F,69002,henryb@wanadoo.fr,33794586926,Silver,2022-11-27 12:06:24,2024-01-01 13:45:31,399.44,133.15,3,Bread,Y
269,James,Anderson,18.0,M,69001,janderson@hotmail.com,0,Silver,2018-03-11 16:53:08,2024-01-01 09:13:14,144.99,6.04,24,,False
270,Charlotte,Hall,48.0,M,69001,charlotteh@free.fr,33360067292,Gold,2024-01-01 13:51:52,2024-01-01 12:19:37,680.02,48.57,14,,True
271,Paul,White,41.0,M,69006,paulw@orange.fr,33990960091,Basic,2021-05-17 16:20:59,2024-01-01 12:01:34,563827.4500000001,22.44,14,Pastries,True
272,Benjamin,Johnson,49.0,F,69006,benjamin.johnson@wanadoo.fr,33550669503,gold,2024-01-01 11:36:39,2019-07-21 16:39:32,205.19,9.33,22,Pastries,True
273,Emma,Martin,56.0,F,69007,EMMA.MARTIN@ORANGE.FR,33745893044,Gold,2021-09-01 16:29:05,2024-01-01 09:43:06,595.12,12.15,49,,Yes
274,Amelia,Müller,45.0,F,69001,AMELIA.MÜLLER@WANADOO.FR,33437759838,Basic,2024-01-01 11:25:47,2023-02-23 09:18:12,114.11,3.17,36,Bread,0
275,Sophie,Schneider,41.0,,69002,Sophies@outlook.com,33149857573,Silver,2024-01-01 11:23:39,2023-08-22 14:12:33,384.89,15.4,25,,False
276,Lukas,Robert,21.0,M,69007,Lukasr@wanadoo.fr,33964752733,Basic,2023-02-07 14:37:42,2023-10-25 12:22:31,400.56,8.35,48,Pastries,False
277,Alexander,Scott,49.0,F,69003,Alexanderscott@orange.fr,33449812619,Silver,2024-01-01 10:57:38,2024-01-01 12:38:07,922.88,153.81,6,Tarte,True
278,Thomas,Becker,22.0,M,69001,Thomasb@free.fr,+998546493430,Gold,2024-01-01 14:53:17,2023-09-25 14:27:36,256.02,8.53,30,Macaron,Yes
279,Lucas,Martinez,28.0,F,69001,Lucasmartinez@laposte.net,33721297399,Silver,2023-04-13 16:55:41,2023-04-16 09:03:54,726723.7000000001,23.82,17,Pastries,True
280,Marie,Thompson,69.0,M,69007,mariet@gmail.com,33824609137,Gold,2023-02-25 11:24:41,2023-04-08 15:08:26,647.51,17.5,37,Macaron,True
281,Oliver,Fischer,40.0,M,69002,OLIVERFISCHER@HOTMAIL.COM,33976042750,Basic,2024-01-01 09:31:13,2024-01-01 11:46:27,997.58,997.58,1,Macaron,False
282,Louis,Lewis,61.0,,69007,LOUISL@GMX.DE,33492505001,Gold,2024-01-01 11:01:19,2023-12-28 15:33:07,881.59,38.33,23,Macaron,False
283,Hugo,Walker,45.0,F,69001,Hugowalker@orange.fr,33713528015,Gold,2022-10-13 10:08:34,2009-09-09 10:58:53,547.59,18.88,29,Pastries,False
284,Liam,Laurent,46.0,M,69001,liam_laurent@hotmail.com,33709090085,Gold,2024-01-01 10:06:23,2023-03-10 09:47:44,454.29,45.43,10,Macaron,True
285,William,Brown,66.0,M,69006,Wbrown@yahoo.com,33426270980,basic,2023-02-06 16:50:05,2024-01-01 16:32:22,184.21,26.32,7,Macaron,True
286,Mason,Jackson,27.0,M,69002,MASONJACKSON@YAHOO.COM,33973790061,basic,2021-08-26 15:40:33,2014-12-24 10:14:54,261.04,6.53,40,,True
287,Jack,Young,45.0,M,69007,jack.young@outlook.com,33337292782,Basic,2024-01-01 09:47:16,2023-02-15 16:23:25,435.38,1438.46,43,Macaron,True
288,Noah,Clark,52.0,F,69006,Noahc@mail.com,33801304933,Basic,2024-01-01 16:49:01,2024-01-01 15:32:47,142.97,9.53,15,,False
289,Emily,Petit,70.0,,69001,emilypetit@yandex.com,33193538653,Basic,2024-01-01 13:41:56,2023-07-26 16:47:40,740.11,21.77,34,Macaron,False
290,Isabella,Wilson,45.0,M,69002,isabellaw@wanadoo.fr,33568767683,Gold,2023-04-04 16:02:43,2024-01-01 10:56:08,604.08,30.2,20,Macaron,False
291,Emma,Durand,58.0,F,69003,emma_durand@mail.com,+8935567641776,Basic,2024-01-01 10:58:37,2023-01-13 13:19:19,94.47,2.25,42,,True
292,Leon,Baker,70.0,F,69001,Leon_baker@outlook.com,0,GOLD,2024-01-01 11:11:05,2024-01-01 15:29:56,992.38,21.57,46,Pastries,No
293,Sophia,Schulz,53.0,F,69002,Sschulz@laposte.net,33730813308,GOLD,2024-01-01 09:28:28,2023-02-24 09:38:07,778.66,18.99,41,Pastries,True
294,Olivia,Moore,70.0,M,69006,Olivia.moore@yandex.com,33536414233,Basic,2014-01-16 12:39:43,2024-01-01 13:24:20,787071.6,29.23,15,Pastries,False
295,Sophie,Wright,20.0,F,69003,swright@gmail.com,33622831254,Silver,2015-09-30 11:37:25,2023-09-10 10:45:15,885.3,26.04,34,Macaron,False
296,Léa,Thomas,24.0,M,69007,léathomas@yandex.com,33327239432,Gold,2019-09-20 10:14:48,2024-01-01 10:08:36,421.65,3991.62,15,Bread,False
297,Chloé,Simon,24.0,M,69007,CHLOÉSIMON@FREE.FR,33727424448,Silver,2022-08-24 15:39:06,2023-11-17 14:33:10,934.52,54.97,17,Tarte,False
298,Harper,Taylor,52.0,F,69007,Harpertaylor@outlook.com,33968297551,Silver,2024-01-01 10:57:52,2023-11-02 15:31:50,398.3,39.83,10,Pastries,True
299,Ethan,Wagner,35.0,F,69002,Ethanwagner@free.fr,33870382795,Basic,2024-01-01 16:39:52,2024-01-01 16:56:26,845.34,845.34,1,Macaron,True
300,Ava,Green,43.0,M,69001,Agreen@orange.fr,33213582504,Gold,2024-01-01 12:44:06,2024-01-01 10:22:11,528.72,13.56,39,Tarte,True
301,Amélie,King,83.0,F,69002,amélie.king@yahoo.com,33752648219,Basic,2023-11-24 09:36:41,2024-01-01 13:35:14,997.01,19.94,50,Bread,True
302,Mia,Smith,38.0,M,69002,Mia.smith@icloud.com,+8638219344476,Gold,2023-03-25 15:37:40,2023-02-23 15:04:12,468.74,66.96,7,Pastries,True
303,Finn,Robinson,84.0,M,69006,finnr@mail.com,33158449447,Basic,2022-02-25 12:32:41,2023-05-02 10:15:48,158.52,4.28,37,,True
304,Chloe,Rodriguez,51.0,F,69001,chloe_rodriguez@yandex.com,33165483294,Gold,2024-01-01 16:00:50,2020-01-28 13:08:08,294.52,21.04,14,,False
305,Hannah,Allen,32.0,M,69006,Hallen@hotmail.com,33283315162,Silver,2022-05-20 13:06:51,2024-01-01 13:30:08,714.54,59.54,12,Pastries,True
306,Harry,Schmidt,58.0,M,69006,Harryschmidt@laposte.net,0,Gold,2024-01-01 13:39:12,2024-01-01 13:39:28,913.5,22.28,41,Pastries,False
307,Henry,Leroy,56.0,F,69001,henry.leroy@icloud.com,33780500271,Basic,2021-02-12 13:52:27,2024-01-01 11:18:52,457.43,14.76,31,,True
308,James,Weber,66.0,F,69001,JWEBER@ORANGE.FR,0,Basic,2024-01-01 14:59:29,2024-01-01 10:52:41,771.6,32.15,24,,False
309,Charlotte,Dubois,27.0,F,69003,cdubois@protonmail.com,33437160598,gold,2023-04-27 09:16:58,2018-07-19 14:24:19,411.14,205.57,2,Macaron,True
310,Paul,Miller,48.0,F,69007,PAULMILLER@OUTLOOK.COM,33536118180,SILVER,2023-11-08 16:24:55,2023-01-25 12:24:07,810.88,40.54,20,Bread,True
311,Benjamin,Hoffmann,70.0,F,69007,Benjaminh@hotmail.com,33935945512,Silver,2021-05-03 16:50:11,2024-01-01 16:26:08,205.45,4.11,50,Pastries,False
312,Emma,Harris,33.0,M,69006,emma.harris@laposte.net,97,gold,2021-07-03 09:00:18,2023-09-24 12:16:24,517.69,10.79,48,Macaron,False
313,Amelia,Moreau,52.0,M,69002,ameliamoreau@orange.fr,33848619707,Gold,2019-06-11 15:35:50,2023-07-08 12:01:28,427.58,61.08,7,Bread,False
314,Sophie,Adams,39.0,F,69007,sophie_adams@icloud.com,33354828782,Gold,2013-07-12 12:38:08,2023-12-21 14:29:11,80.32,3.09,26,Macaron,False
315,Lukas,Richard,45.0,M,69006,Lukas_richard@yahoo.com,33502309696,Silver,2024-01-01 09:39:55,2023-08-09 16:51:17,458.26,91.65,5,Macaron,False
316,Alexander,Garcia,41.0,M,69007,ALEXANDERG@ORANGE.FR,33847137675,Gold,2021-02-21 16:25:29,2023-12-27 13:42:37,551.24,27.56,20,Tarte,False
317,Thomas,Meyer,48.0,,69003,Thomasm@icloud.com,33952732148,Basic,2023-06-20 12:33:06,2023-07-18 13:30:21,320.55,7.45,43,,False
318,Lucas,Bernard,43.0,M,69007,lucas_bernard@gmx.de,33364468608,Gold,2021-01-09 12:00:42,2023-08-27 16:43:47,944.62,22.49,42,Bread,False
319,Marie,Anderson,30.0,F,69001,MARIE_ANDERSON@YAHOO.COM,33364711403,Basic,2024-01-01 14:02:04,2023-05-24 14:31:29,761.27,17.3,44,Tarte,Yes
320,Oliver,Hall,43.0,F,69006,Oliverhall@web.de,+601664618121,Silver,2023-04-08 12:26:25,2024-01-01 14:34:28,816.22,19.43,42,Bread,False
321,Louis,White,45.0,M,69003,Louis_white@wanadoo.fr,33873035969,Basic,2023-09-11 11:08:23,2023-10-18 13:27:39,835.32,59.67,14,Pastries,False
322,Hugo,Johnson,26.0,F,69003,HUGO_JOHNSON@PROTONMAIL.COM,0,Silver,2021-02-17 12:08:55,2023-07-07 14:23:46,808.22,62.17,13,Macaron,False
323,Liam,Martin,33.0,M,69007,liamm@gmx.de,33112528907,Basic,2017-03-16 12:17:15,2024-01-01 14:23:22,337.63,33.76,10,Macaron,False
324,William,Müller,39.0,F,69002,wmüller@protonmail.com,33451117188,Basic,2022-05-23 10:27:57,2024-01-01 15:18:18,920.54,24.22,38,Bread,True
325,Mason,Schneider,27.0,F,69007,MSCHNEIDER@PROTONMAIL.COM,33125547925,Gold,2025-03-07 12:19:24,2024-01-01 15:06:21,835.19,37.96,22,Bread,False
326,Jack,Robert,42.0,M,69007,jackr@icloud.com,33214359155,Gold,2024-01-01 11:24:42,2020-02-16 13:15:24,409.77,27.32,15,Pastries,True
327,Noah,Scott,45.0,,69002,Noahscott@orange.fr,33966510199,Basic,2024-01-01 09:03:23,2024-10-13 14:19:44,243.55,24.36,10,Pastries,Yes
328,Emily,Becker,51.0,F,69001,EMILY_BECKER@OUTLOOK.COM,33965951445,Gold,2021-12-05 15:21:16,2019-04-13 11:23:50,200.88,18.26,11,,True
329,Isabella,Martinez,56.0,F,69006,isabellamartinez@gmx.de,33172115529,Basic,2021-12-19 16:05:37,2001-05-07 15:17:14,949.03,30.61,31,Macaron,False
330,Emma,Thompson,22.0,F,69002,Ethompson@laposte.net,33640846908,Basic,2022-10-23 14:38:07,2023-07-13 10:21:31,167.17,41.79,4,Macaron,False
331,Leon,Fischer,42.0,M,69001,Leonfischer@protonmail.com,33481804245,Gold,2023-04-22 16:44:29,2023-12-15 10:46:50,96.58,2.54,38,Macaron,False
332,Sophia,Lewis,30.0,F,69007,SLEWIS@GMAIL.COM,33510896001,Silver,2021-02-10 10:03:53,2023-02-23 16:01:52,562.25,16.54,34,Pastries,True
333,Olivia,Walker,45.0,F,69003,oliviawalker@gmx.de,33772430906,Silver,2013-06-18 16:01:19,2023-11-01 13:20:40,358.02,10.23,35,Pastries,False
334,Sophie,Laurent,58.0,F,69007,SOPHIEL@YANDEX.COM,33900808839,basic,2024-01-01 12:30:03,2020-11-22 15:01:13,494.24,22.47,22,,False
335,Léa,Brown,56.0,M,69006,LÉA.BROWN@FREE.FR,0,Gold,2023-05-15 10:26:00,2023-11-27 16:08:22,128.58,6.43,20,,False
336,Chloé,Jackson,49.0,M,69002,chloéj@gmail.com,33579963684,Basic,2024-01-01 12:54:16,2023-07-05 14:20:16,992.76,5221.34,27,,False
337,Harper,Young,61.0,M,69006,Harperyoung@mail.com,+2392230020735,Gold,2022-07-09 10:22:09,2024-01-01 11:13:04,898.66,47.3,19,Pastries,True
338,Ethan,Clark,30.0,F,69006,Ethanc@outlook.com,+9647253182612,Gold,2024-01-01 10:28:07,2024-01-01 16:52:43,569.63,21.91,26,Tarte,True
339,Ava,Petit,30.0,M,69006,AVA_PETIT@FREE.FR,33482525065,Silver,2024-01-01 09:09:44,2023-06-20 13:22:27,782.26,782.26,1,Tarte,False
340,Amélie,Wilson,44.0,M,69007,amélie_wilson@laposte.net,33639933335,Basic,2023-03-06 09:55:16,2017-01-26 10:26:08,1150415.5,12.82,50,,False
341,Mia,Durand,68.0,F,69001,MIADURAND@GMAIL.COM,33918744953,Basic,2021-08-21 15:50:08,2023-01-04 14:22:32,613.24,38.33,16,Tarte,True
342,Finn,Baker,60.0,,69001,FINN.BAKER@WANADOO.FR,33232223222,Basic,2024-01-01 13:54:46,2023-03-06 15:15:06,333.89,10.12,33,Tarte,True
343,Chloe,Schulz,67.0,F,69003,Chloes@orange.fr,33248359200,silver,2017-06-14 16:09:11,2023-10-21 13:20:48,636435.2,17.73,20,,False
344,Hannah,Moore,23.0,M,69002,Hannah_moore@yahoo.com,33901027772,Basic,2023-02-27 10:16:45,2023-06-03 12:44:29,396.53,39.65,10,Tarte,False
345,Harry,Wright,65.0,F,69006,harry.wright@protonmail.com,33395506650,silver,2023-12-28 10:04:07,2023-04-14 16:13:04,384.16,1136.0,48,Pastries,True
346,Henry,Thomas,64.0,M,69007,henry.thomas@protonmail.com,+6915039524601,Silver,2024-01-01 14:18:16,2024-01-01 15:58:47,874.63,67.28,13,Macaron,True
347,James,Simon,45.0,F,69007,JSIMON@YANDEX.COM,33372944931,Silver,2022-12-12 12:56:46,2017-03-20 14:39:13,770.58,45.33,17,Pastries,False
348,Charlotte,Taylor,47.0,F,69006,CHARLOTTET@GMAIL.COM,33325820852,Silver,2024-01-01 14:37:55,2020-12-24 13:21:49,521.28,21.72,24,,True
349,Paul,Wagner,45.0,M,69003,Pwagner@free.fr,33372035259,Gold,2022-08-05 10:44:45,2023-12-14 09:04:12,804.79,16.42,49,,False
350,Benjamin,Green,66.0,F,69007,benjamin.green@gmx.de,33458415418,Basic,2022-07-25 09:02:43,2024-01-01 13:36:59,141.31,70.66,2,Bread,False
351,Emma,King,26.0,M,69003,eking@gmx.de,33671331038,Silver,2022-06-08 17:00:00,2024-01-01 10:03:07,502.45,23.93,21,Macaron,True
352,Amelia,Smith,24.0,F,69001,amelia_smith@laposte.net,33984647995,Gold,2021-11-14 15:08:14,2024-01-01 13:35:12,877.47,18.67,47,Tarte,False
353,Sophie,Robinson,62.0,F,69003,SOPHIER@HOTMAIL.COM,33483664502,Silver,2024-01-01 15:13:33,2024-01-01 14:47:30,649.5,15.46,42,,False
354,Lukas,Rodriguez,45.0,,69002,Lrodriguez@hotmail.com,33133746121,Silver,2024-01-01 09:28:15,2023-09-14 10:06:12,791.28,43.96,18,Macaron,False
355,Alexander,Allen,58.0,M,69001,alexanderallen@gmail.com,+3391599841877,basic,2024-01-01 09:29:25,2024-01-01 09:32:46,200.12,50.03,4,Macaron,True
356,Thomas,Schmidt,65.0,M,69003,THOMASS@WEB.DE,33784616395,SILVER,2022-06-27 14:16:45,2023-03-19 11:47:22,559.03,18.63,30,Tarte,True
357,Lucas,Leroy,19.0,,69002,Lleroy@laposte.net,33324667510,Basic,2024-01-01 15:42:18,2024-01-01 13:01:43,203.17,8.83,23,Pastries,True
358,Marie,Weber,19.0,M,69002,mariew@web.de,33780417584,Gold,2022-01-25 13:22:59,2024-01-01 13:23:01,268.9,15.82,17,,True
359,Oliver,Dubois,45.0,,69001,Oliver_dubois@web.de,33545504940,Silver,2024-01-01 14:34:49,2023-07-10 16:36:55,651.35,29.61,22,Macaron,Y
360,Louis,Miller,46.0,M,69001,lmiller@yahoo.com,33575113070,Basic,2021-05-28 10:55:09,2024-01-01 13:09:09,254.08,7.06,36,,False
361,Hugo,Hoffmann,54.0,F,69006,hugoh@yandex.com,33685250185,Gold,2022-04-13 15:58:42,2015-08-18 15:22:09,575.38,10212.64,8,Pastries,True
362,Liam,Harris,62.0,M,69007,LIAMH@LAPOSTE.NET,33947727254,Silver,2024-01-01 10:18:21,2023-04-17 15:56:33,472.42,67.49,7,,True
363,William,Moreau,68.0,M,69003,william.moreau@outlook.com,33567283491,GOLD,2024-01-01 09:27:18,2024-01-01 14:00:07,393.0,13.55,29,Bread,True
364,Mason,Adams,38.0,F,69002,Masonadams@gmx.de,33712764901,Basic,2024-01-01 13:09:23,2024-01-01 11:42:11,953.75,476.88,2,Macaron,False
365,Jack,Richard,68.0,M,69006,jrichard@orange.fr,33113361145,Gold,2024-01-01 10:48:48,2023-08-15 12:32:12,568.77,24.73,23,,False
366,Noah,Garcia,24.0,F,69006,NOAH.GARCIA@LAPOSTE.NET,33738820642,basic,2024-01-01 12:00:14,2023-08-14 09:36:32,876.68,33.72,26,Tarte,False
367,Emily,Meyer,59.0,M,69006,emeyer@gmail.com,+232274911201,Gold,2024-01-01 12:49:36,2020-12-31 15:08:48,100.93,2.24,45,Macaron,False
368,Isabella,Bernard,69.0,M,69006,isabella_bernard@laposte.net,33101312809,Basic,2021-07-14 09:11:06,2023-10-05 10:12:21,964.95,192.99,5,Macaron,False
369,Emma,Anderson,52.0,,69003,emmaanderson@yandex.com,0,Gold,2024-01-01 10:15:11,2025-06-29 12:44:39,973.72,74.9,13,Macaron,False
370,Leon,Hall,47.0,F,69001,leon_hall@laposte.net,0,Basic,2024-01-01 11:00:01,2023-06-05 15:49:34,452.63,21.55,21,Pastries,False
371,Sophia,White,38.0,F,69006,sophia.white@protonmail.com,33329678728,Basic,2024-01-01 13:44:19,2024-01-01 13:53:54,908.85,18.18,50,Bread,False
372,Olivia,Johnson,36.0,M,69007,Oliviajohnson@free.fr,33503056137,Silver,2024-01-01 13:44:02,2024-01-01 13:41:26,841.38,52.59,16,,True
373,Sophie,Martin,45.0,M,69007,sophiem@protonmail.com,33448621658,Basic,2021-10-25 10:45:42,2024-01-01 16:33:11,228.57,6.01,38,Tarte,False
374,Léa,Müller,65.0,M,69001,LMÜLLER@GMX.DE,0,Basic,2024-01-01 14:08:10,2018-07-12 11:39:09,102.02,2.62,39,Macaron,False
375,Chloé,Schneider,34.0,,69007,cschneider@yahoo.com,33815819164,Silver,2022-09-09 12:17:13,2024-01-01 12:49:26,195.1,21.68,9,,True
376,Harper,Robert,45.0,M,69003,harper.robert@gmail.com,33380876930,Silver,2021-04-08 15:42:10,2023-04-03 12:30:23,990.81,26.07,38,Macaron,True
377,Ethan,Scott,52.0,F,69007,Escott@yandex.com,33492236814,Silver,2014-01-05 15:34:20,2024-01-01 13:07:37,1187895.1,38.93,17,Tarte,False
378,Ava,Becker,22.0,F,69006,AVA_BECKER@ORANGE.FR,33463726814,Gold,2024-01-01 13:52:22,2023-10-27 09:56:57,134.72,3.37,40,Pastries,False
379,Amélie,Martinez,31.0,F,69003,amélie.martinez@free.fr,33805820468,Silver,2021-09-28 11:08:49,2024-01-01 10:06:40,262.46,5.25,50,Pastries,True
380,Mia,Thompson,55.0,F,69003,mia.thompson@wanadoo.fr,33475196088,SILVER,2021-12-12 09:16:55,2024-01-01 11:10:10,127.04,63.52,2,,False
381,Finn,Fischer,32.0,,69007,ffischer@mail.com,33294884336,Silver,2023-05-17 12:28:20,2024-01-01 10:28:05,176.64,5.2,34,Pastries,No
382,Chloe,Lewis,42.0,M,69006,Clewis@gmail.com,+8274364342779,Gold,2023-10-09 11:27:32,2024-01-01 12:29:30,1386781.1,29.71,26,,True
383,Hannah,Walker,32.0,M,69007,hwalker@free.fr,33216600041,Basic,2024-01-01 09:13:22,2024-01-01 15:34:05,112.19,4.67,24,Macaron,False
384,Harry,Laurent,65.0,M,69001,harryl@hotmail.com,33619804717,Silver,2024-01-01 11:12:29,2024-01-01 16:12:56,1535191.7,45.01,19,Pastries,True
385,Henry,Brown,45.0,F,69006,Hbrown@web.de,33410949659,Gold,2024-01-01 15:55:40,2023-05-28 15:32:54,194.74,4.75,41,Macaron,N
386,James,Jackson,46.0,F,69007,jamesjackson@gmx.de,33487637453,Basic,2024-01-01 11:36:55,2023-02-19 12:51:15,752.63,15.05,50,,True
387,Charlotte,Young,60.0,,69007,Charlotte_young@wanadoo.fr,33875123203,Silver,2023-02-05 16:52:29,2024-01-01 14:42:08,232.28,232.28,1,Pastries,True
388,Paul,Clark,29.0,M,69003,Paulc@orange.fr,33558389793,SILVER,2022-02-12 16:17:15,2023-10-13 16:16:29,543.52,2967.8,26,Bread,False
389,Benjamin,Petit,20.0,F,69007,Benjaminpetit@protonmail.com,33779707196,Silver,2024-01-01 12:51:02,2024-01-01 12:33:58,643.62,13.69,47,Tarte,False
390,Emma,Wilson,59.0,F,69002,Emmaw@orange.fr,+2515644243491,Gold,2013-10-22 12:45:48,2014-08-29 16:39:24,314.43,15.72,20,Tarte,True
391,Amelia,Durand,67.0,F,69002,AMELIADURAND@HOTMAIL.COM,33284637045,Gold,2021-05-03 12:48:47,2024-01-01 14:01:40,437.96,21.9,20,Pastries,True
392,Sophie,Baker,24.0,M,69007,SOPHIEB@GMX.DE,33784487632,gold,2021-01-09 09:59:29,2024-01-01 10:14:51,83.58,2.04,41,Pastries,False
393,Lukas,Schulz,23.0,F,69006,lschulz@icloud.com,33320011157,Basic,2016-09-06 15:35:19,2023-10-24 09:48:24,105.88,3.31,32,Bread,False
394,Alexander,Moore,69.0,,69002,Alexander_moore@gmail.com,+1666537645465,Basic,2023-08-23 12:20:53,2024-01-01 13:20:47,89.06,4.24,21,Pastries,False
395,Thomas,Wright,57.0,M,69001,thomasw@protonmail.com,33431419412,Basic,2023-03-10 09:15:18,2023-11-07 13:41:14,654.94,13.37,49,,False
396,Lucas,Thomas,21.0,F,69003,lucasthomas@orange.fr,+9976407204649,Silver,2024-01-01 09:08:38,2023-02-16 11:47:55,60.09,4.01,15,Macaron,True
397,Marie,Simon,45.0,M,69003,MARIE.SIMON@ICLOUD.COM,33521355613,GOLD,2024-01-01 09:20:43,2024-01-01 14:54:11,239.98,6.32,38,Bread,False
398,Oliver,Taylor,29.0,M,69002,OLIVERT@YANDEX.COM,33345474886,Basic,2016-08-03 11:02:21,2023-08-11 10:04:35,728.28,17.76,41,Tarte,False
399,Louis,Wagner,44.0,M,69002,Lwagner@free.fr,9,Silver,2023-07-06 15:22:44,2023-12-22 09:18:18,457.42,19.06,24,Macaron,False
400,Hugo,Green,45.0,,69003,Hugo.green@wanadoo.fr,33493332479,Gold,2025-10-26 11:46:15,2024-01-01 15:14:29,628.08,157.02,4,Tarte,True
401,Liam,King,36.0,F,69007,Liam_king@outlook.com,0,Gold,2023-03-01 10:28:58,2024-01-01 09:44:36,75.78,7.58,10,Bread,True
402,William,Smith,19.0,F,69007,wsmith@web.de,33764399220,Gold,2024-01-01 10:16:36,2024-01-01 16:54:48,436.76,39.71,11,,False
403,Mason,Robinson,22.0,F,69002,mason_robinson@laposte.net,33968836114,SILVER,2023-06-18 11:04:03,2024-01-01 15:28:32,217.26,27.16,8,Pastries,True
404,Jack,Rodriguez,45.0,M,69002,Jackrodriguez@web.de,0,Basic,2022-06-07 14:13:30,2023-03-18 12:06:15,240.18,2006.46,17,Pastries,True
405,Noah,Allen,18.0,M,69007,noaha@protonmail.com,33816213071,Silver,2022-02-23 12:40:21,2023-11-06 16:44:39,852.43,44.86,19,,False
406,Emily,Schmidt,21.0,F,69001,EMILYS@LAPOSTE.NET,33113344812,Basic,2022-12-26 12:15:05,2018-07-26 16:08:01,964.45,24.73,39,Macaron,True
407,Isabella,Leroy,84.0,F,69007,ILEROY@HOTMAIL.COM,33893227183,Silver,2022-01-07 11:43:30,2024-01-01 12:01:49,752.9,30.12,25,Macaron,True
408,Emma,Weber,41.0,,69007,EMMAWEBER@HOTMAIL.COM,33475097128,Basic,2024-01-01 15:44:05,2024-01-01 12:02:47,320.07,40.01,8,Pastries,False
409,Leon,Dubois,45.0,F,69006,LDUBOIS@ICLOUD.COM,33458630475,Silver,2025-09-30 12:52:59,2023-06-08 15:42:53,1126488.15,24.14,26,,False
410,Sophia,Miller,53.0,M,69007,Smiller@gmx.de,33141086676,silver,2023-07-08 12:28:41,2024-01-01 11:17:07,856915.0499999999,28.08,17,Macaron,True
411,Olivia,Hoffmann,67.0,F,69001,OHOFFMANN@HOTMAIL.COM,33317160199,Basic,2019-01-16 09:46:27,2022-06-16 11:53:33,556.75,11.85,47,Macaron,True
412,Sophie,Harris,47.0,F,69002,Sophie.harris@mail.com,33533208425,Gold,2024-01-01 14:01:18,2024-01-01 12:37:06,362.18,10.35,35,Pastries,True
413,Léa,Moreau,54.0,F,69007,Léa_moreau@icloud.com,33609767415,Silver,2022-11-27 13:36:34,2024-01-01 09:03:16,121.08,5.04,24,Bread,False
414,Chloé,Adams,65.0,,69007,cadams@gmail.com,33494310803,Gold,2024-01-01 12:09:40,2024-01-01 11:32:39,581.92,26.45,22,Tarte,Yes
415,Harper,Richard,46.0,M,69001,HARPERR@WEB.DE,33727532267,Basic,2024-01-01 11:49:44,2023-01-22 12:24:22,941.49,20.47,46,,True
416,Ethan,Garcia,45.0,M,69003,egarcia@wanadoo.fr,33864174274,Basic,2024-01-01 11:05:49,2023-05-09 12:13:56,300.44,75.11,4,Bread,True
417,Ava,Meyer,81.0,M,69001,avam@icloud.com,33517673179,Basic,2024-01-01 11:13:50,2024-01-01 11:53:42,669.71,18.6,36,Pastries,True
418,Amélie,Bernard,31.0,M,69002,améliebernard@gmail.com,+6726231616198,Silver,2017-10-07 15:06:38,2024-01-01 15:42:52,673.17,5973.94,16,Bread,False
419,Mia,Anderson,31.0,F,69002,Mia_anderson@icloud.com,33146926463,Basic,2021-03-18 15:59:35,2024-01-01 13:38:15,66.82,4.77,14,,True
420,Finn,Hall,55.0,M,69007,FINN_HALL@YAHOO.COM,33569781000,Basic,2022-10-25 09:27:42,2023-08-25 09:49:29,602.14,14.69,41,Bread,True
421,Chloe,White,59.0,F,69003,Chloew@orange.fr,33267024979,Gold,2022-12-12 10:18:18,2014-04-11 09:32:20,403.17,16.8,24,,False
422,Hannah,Johnson,49.0,F,69002,HANNAHJOHNSON@FREE.FR,33395792806,Basic,2022-03-02 10:44:36,2024-01-01 09:49:56,863.01,33.19,26,,False
423,Harry,Martin,22.0,M,69002,HARRYM@GMX.DE,33749982028,Gold,2022-03-14 11:00:52,2023-12-23 09:44:56,159.73,5.32,30,Pastries,True
424,Henry,Müller,54.0,F,69003,HENRY.MÜLLER@GMAIL.COM,33234873653,Basic,2021-12-21 11:41:09,2023-04-18 11:42:49,743.39,371.69,2,Tarte,True
425,James,Schneider,50.0,M,69002,Jschneider@yahoo.com,33654022164,Silver,2024-01-01 10:40:06,2023-01-23 15:39:17,542.58,11.07,49,,True
426,Charlotte,Robert,40.0,F,69001,charlotterobert@orange.fr,33608604547,Basic,2023-07-18 09:51:08,2024-01-01 12:17:36,181.22,8.63,21,Macaron,True
427,Paul,Scott,29.0,M,69001,PAULSCOTT@FREE.FR,33903660327,basic,2023-03-10 12:51:18,2016-11-27 09:30:10,770.63,24.08,32,,True
428,Benjamin,Becker,68.0,,69002,benjamin.becker@laposte.net,33166316233,Silver,2021-02-07 15:05:13,2023-10-01 16:24:33,397.68,8.65,46,Macaron,0
429,Emma,Martinez,30.0,M,69007,emmamartinez@icloud.com,0,Silver,2024-01-01 15:47:57,2025-07-16 10:11:31,387.64,35.24,11,Pastries,True
430,Amelia,Thompson,68.0,F,69001,AMELIAT@GMAIL.COM,33941100749,Silver,2022-04-19 13:29:14,2023-09-08 12:08:47,693.65,33.03,21,Pastries,False
431,Sophie,Fischer,41.0,F,69003,sophief@outlook.com,+8835367221227,Basic,2024-01-01 13:34:17,2023-01-03 12:36:12,911.08,25.31,36,Pastries,True
432,Lukas,Lewis,56.0,F,69001,Llewis@orange.fr,33278987042,Basic,2013-05-02 11:26:13,2023-04-08 14:08:58,535.38,12.45,43,Macaron,True
433,Alexander,Walker,43.0,F,69002,ALEXANDER.WALKER@MAIL.COM,33264901336,Basic,2015-09-17 09:14:02,2024-01-01 11:02:27,788.81,23.2,34,Pastries,False
434,Thomas,Laurent,60.0,F,69003,thomas_laurent@gmx.de,33678083163,Gold,2024-01-01 09:00:54,2018-11-09 11:46:18,387.31,9.22,42,Pastries,True
435,Lucas,Brown,59.0,,69007,lucas_brown@yahoo.com,8,Gold,2022-06-08 15:25:28,2023-04-16 13:58:20,71.41,35.7,2,Tarte,True
436,Marie,Jackson,31.0,M,69007,Mariej@icloud.com,33909675692,Silver,2025-05-07 13:39:05,2023-07-08 10:39:12,432.35,30.88,14,Macaron,False
437,Oliver,Young,67.0,M,69006,oyoung@wanadoo.fr,33908193819,silver,2022-08-16 10:53:02,2016-01-12 11:06:01,798.34,19.47,41,Bread,False
438,Louis,Clark,58.0,F,69003,lclark@free.fr,33437349688,Gold,2024-01-01 12:33:28,2023-03-06 09:04:11,60.83,1.52,40,Pastries,Yes
439,Hugo,Petit,57.0,F,69007,Hugo_petit@gmail.com,33838917169,Basic,2023-05-04 15:01:54,2023-11-05 12:33:41,953.89,29.81,32,,False
440,Liam,Wilson,42.0,M,69007,Liam.wilson@mail.com,33129052791,Gold,2023-07-15 11:28:48,2024-11-26 11:13:07,832.01,19.81,42,Macaron,True
441,William,Durand,37.0,M,69002,WILLIAM.DURAND@FREE.FR,33644080252,Silver,2024-01-01 13:08:24,2013-07-17 09:58:17,465.01,13.68,34,,True
442,Mason,Baker,57.0,M,69006,Mbaker@yahoo.com,33604434496,Basic,2024-01-01 14:48:22,2024-01-01 15:16:56,970.96,26.97,36,,False
443,Jack,Schulz,67.0,F,69003,Jackschulz@mail.com,0316,Gold,2024-01-01 09:04:04,2023-02-15 16:55:35,712.41,19.79,36,Bread,True
444,Noah,Moore,30.0,M,69006,Noah_moore@mail.com,+4539435074792,Basic,2021-11-13 14:23:49,2024-01-01 11:50:33,917.32,22.93,40,Macaron,False
445,Emily,Wright,50.0,F,69003,EMILYWRIGHT@FREE.FR,33538534814,Basic,2022-09-24 13:12:50,2018-03-14 10:21:36,549.97,22.0,25,Pastries,True
446,Isabella,Thomas,27.0,M,69001,ISABELLA_THOMAS@WEB.DE,33514707661,Gold,2022-08-24 12:01:02,2024-01-01 14:26:07,440.29,2841.42,22,,True
447,Emma,Simon,46.0,M,69002,emmasimon@protonmail.com,33871032529,Basic,2022-06-23 15:56:25,2023-07-25 11:52:08,376.26,47.03,8,Macaron,False
448,Leon,Taylor,63.0,F,69007,LEONT@MAIL.COM,33312383880,Gold,2024-01-01 14:44:39,2024-01-01 12:57:50,166.76,33.35,5,Bread,1
449,Sophia,Wagner,51.0,M,69007,Sophiaw@laposte.net,0,Gold,2024-01-01 10:27:31,2023-07-17 13:01:31,771.25,9126.34,12,Macaron,False
450,Olivia,Green,32.0,F,69001,OLIVIAG@YAHOO.COM,33258789565,Silver,2024-01-01 10:44:45,2023-02-04 13:09:36,574.74,24.99,23,Macaron,True
451,Sophie,King,44.0,M,69001,SOPHIEKING@LAPOSTE.NET,33480347370,Silver,2022-04-13 09:50:25,2023-04-13 10:22:21,502.54,17.95,28,,True
452,Léa,Smith,25.0,,69006,léa_smith@protonmail.com,+8656753044112,Silver,2023-06-26 13:09:48,2023-01-02 11:39:30,387.77,15.51,25,Bread,True
453,Chloé,Robinson,53.0,F,69002,chloé.robinson@outlook.com,+1359835204482,Silver,2024-01-01 12:05:38,2023-08-09 10:56:48,495.99,14.59,34,Macaron,False
454,Harper,Rodriguez,53.0,F,69006,harperr@orange.fr,33817948157,Basic,2024-01-01 16:10:39,2024-01-01 13:35:59,1120941.6,12.49,50,Bread,False
455,Ethan,Allen,30.0,F,69006,Ethan.allen@icloud.com,33634270416,Silver,2022-07-08 09:52:59,2024-01-01 10:43:07,1352245.3,17.52,43,Pastries,False
456,Ava,Schmidt,30.0,M,69001,AVASCHMIDT@GMX.DE,33663278125,Basic,2022-06-26 12:56:26,2024-01-01 10:49:15,665.43,15.84,42,Tarte,False
457,Amélie,Leroy,45.0,F,69007,Améliel@laposte.net,+5236157526803,Basic,2024-01-01 09:49:29,2024-01-01 12:10:43,226.45,5.39,42,Macaron,True
458,Mia,Weber,31.0,M,69001,Miaw@hotmail.com,+1661759166293,Silver,2024-01-01 12:43:13,2023-01-02 10:20:53,203.11,823.6,35,Tarte,True
459,Finn,Dubois,32.0,M,69001,finn.dubois@yahoo.com,33618113717,Gold,2023-09-12 11:06:08,2024-01-01 13:31:37,893.53,19.86,45,Pastries,False
460,Chloe,Miller,45.0,M,69003,CHLOEM@GMAIL.COM,33797865994,Basic,2021-07-14 15:54:21,2024-01-01 15:41:31,848.74,84.87,10,Pastries,True
461,Hannah,Hoffmann,32.0,F,69003,Hhoffmann@outlook.com,33824165502,Silver,2018-06-02 12:33:55,2023-11-27 10:21:23,657.64,41.1,16,Macaron,1
462,Harry,Harris,45.0,F,69006,HARRYHARRIS@WANADOO.FR,33618378321,Silver,2024-01-01 15:17:58,2024-01-01 09:01:28,928.64,48.88,19,Bread,True
463,Henry,Moreau,29.0,F,69003,henrymoreau@free.fr,33441225069,Silver,2020-07-14 16:06:44,2023-07-11 15:03:02,334.48,41.81,8,,False
464,James,Adams,45.0,M,69003,Jadams@gmail.com,33764596945,silver,2014-06-04 09:20:41,2023-12-22 13:06:39,981.42,30.67,32,Macaron,False
465,Charlotte,Richard,57.0,M,69001,CHARLOTTE.RICHARD@ICLOUD.COM,33761245733,Basic,2024-01-01 12:54:08,2023-03-04 13:27:44,496.02,496.02,1,,True
466,Paul,Garcia,59.0,M,69006,paulg@gmail.com,0,Gold,2015-11-01 16:23:00,2024-01-01 16:36:09,282.12,7.42,38,Macaron,False
467,Benjamin,Meyer,19.0,,69001,Benjamin.meyer@web.de,+556704663676,Basic,2013-09-07 11:07:47,2023-09-15 10:07:53,763.95,190.99,4,Bread,False
468,Emma,Bernard,37.0,F,69006,EMMA.BERNARD@GMX.DE,33959149045,Silver,2024-01-01 15:36:40,2023-06-18 10:12:08,357.55,12.77,28,Pastries,False
469,Amelia,Anderson,47.0,F,69001,ameliaanderson@yandex.com,33269242007,Silver,2024-01-01 12:18:27,2000-05-01 11:18:55,863.42,431.71,2,Bread,True
470,Sophie,Hall,20.0,F,69007,sophieh@outlook.com,33910960574,Gold,2024-01-01 14:51:11,2024-01-01 12:23:07,537.54,10.97,49,Bread,True
471,Lukas,White,61.0,M,69007,LUKASW@MAIL.COM,33366373549,Silver,2024-01-01 14:53:18,2024-01-01 10:30:58,360.13,18.01,20,Macaron,False
472,Alexander,Johnson,45.0,,69003,Ajohnson@hotmail.com,0,Basic,2024-01-01 14:53:46,2023-10-01 16:33:08,617.02,12.59,49,Pastries,False
473,Thomas,Martin,67.0,F,69006,tmartin@wanadoo.fr,33833280902,Gold,2024-01-01 15:57:32,2023-03-14 11:31:49,226259.75,12.61,10,,True
474,Lucas,Müller,31.0,F,69001,Lucasm@wanadoo.fr,33151897069,Silver,2022-12-14 10:32:51,2024-06-20 12:44:13,897.46,19.94,45,Macaron,True
475,Marie,Schneider,24.0,M,69003,Maries@gmx.de,33285242002,Silver,2024-01-01 10:38:40,2023-10-14 14:45:58,900.66,37.53,24,,False
476,Oliver,Robert,59.0,M,69002,Oliver.robert@web.de,33353322277,Silver,2022-12-19 15:25:24,2025-09-01 10:11:57,135.1,1918.42,10,Pastries,True
477,Louis,Scott,90.0,F,69006,louis.scott@laposte.net,33682531643,Silver,2023-02-01 16:08:36,2024-01-01 12:16:51,738.44,2688.06,39,Bread,Yes
478,Hugo,Becker,64.0,,69001,Hugobecker@free.fr,33891261768,SILVER,2024-01-01 12:40:44,2023-08-23 09:15:11,190.21,13505.62,2,Tarte,False
479,Liam,Martinez,59.0,M,69006,liam_martinez@outlook.com,33854252854,Basic,2007-03-08 11:21:37,2023-03-19 09:57:49,518.39,11.78,44,Tarte,True
480,William,Thompson,55.0,F,69007,Williamthompson@free.fr,+1614654627185,Gold,2022-08-03 09:48:54,2024-01-01 10:12:46,384.49,54.93,7,,False
481,Mason,Fischer,61.0,F,69003,masonfischer@web.de,709,Silver,2024-08-25 15:52:29,2024-01-01 10:58:41,51.55,3.68,14,Pastries,False
482,Jack,Lewis,38.0,F,69003,jack_lewis@outlook.com,33297386700,Basic,2024-01-01 14:34:38,2023-09-21 11:13:25,116.59,3.24,36,Tarte,False
483,Noah,Walker,64.0,F,69001,noahw@yandex.com,33744308588,Gold,2020-08-10 10:00:39,2023-04-25 13:58:07,261.73,7.27,36,,Y
484,Emily,Laurent,19.0,,69003,Elaurent@yandex.com,33153329704,Silver,2024-01-01 13:17:57,2019-09-11 10:04:30,108.91,3.51,31,Macaron,True
485,Isabella,Brown,43.0,F,69002,ISABELLAB@HOTMAIL.COM,33256443220,GOLD,2024-01-01 11:55:22,2023-11-18 10:51:31,679.91,16.19,42,Pastries,False
486,Emma,Jackson,68.0,F,69003,Emmaj@icloud.com,33913703318,Basic,2024-01-01 10:24:50,2023-12-05 09:24:08,114.66,3.82,30,,False
487,Leon,Young,33.0,F,69003,LEONY@GMX.DE,33923066868,BASIC,2024-01-01 16:18:20,2023-02-03 09:26:12,837.96,22.05,38,Pastries,True
488,Sophia,Clark,57.0,,69001,Sophiac@gmx.de,33467597315,Basic,2024-01-01 14:04:16,2024-01-01 13:33:06,861.54,18.33,47,,True
489,Olivia,Petit,24.0,F,69007,Oliviap@protonmail.com,33428501727,Basic,2022-12-07 16:42:45,2024-01-01 12:02:09,846.39,60.46,14,,True
490,Sophie,Wilson,59.0,M,69002,sophiew@mail.com,33152198575,Silver,2021-05-17 15:28:51,2023-05-20 16:11:05,642.64,13.97,46,Bread,True
491,Léa,Durand,20.0,F,69001,léadurand@hotmail.com,33385748426,Gold,2021-09-24 11:40:57,2023-05-13 15:59:41,659.11,54.93,12,Pastries,True
492,Chloé,Baker,29.0,F,69007,Chloéb@outlook.com,39,BASIC,2024-01-01 11:16:17,2024-01-01 09:07:35,718.52,37.82,19,Pastries,False
493,Harper,Schulz,52.0,M,69006,harpers@hotmail.com,33813648401,Gold,2024-01-01 12:23:35,2020-07-06 09:26:41,499.36,49.94,10,Pastries,False
494,Ethan,Moore,45.0,M,69003,Ethanm@web.de,33307936652,basic,2022-05-07 10:09:52,2024-01-01 16:52:07,413.61,17.23,24,Macaron,False
495,Ava,Wright,45.0,F,69003,AVAW@GMX.DE,33711602506,Gold,2023-08-24 15:13:40,2023-11-17 14:22:44,532.55,19.72,27,Tarte,False
496,Amélie,Thomas,22.0,M,69001,Améliet@gmx.de,33363473905,Silver,2022-01-27 15:03:05,2024-01-01 09:51:01,737.33,43.37,17,Tarte,False
497,Mia,Simon,28.0,M,69006,MIA_SIMON@ICLOUD.COM,33383708400,Basic,2023-02-15 11:59:05,2023-03-14 14:25:31,866.56,39.39,22,Pastries,True
498,Finn,Taylor,44.0,M,69003,finn_taylor@mail.com,33282139662,Silver,2024-01-01 13:52:22,2024-01-01 10:01:53,441.02,73.5,6,Macaron,False
499,Chloe,Wagner,18.0,M,69001,Chloew@yandex.com,33401669613,Gold,2025-04-29 15:02:41,2023-05-25 14:19:09,906.4,23.24,39,Macaron,True
500,Hannah,Green,67.0,F,69006,hannahgreen@mail.com,33545243619,Basic,2024-01-01 09:46:00,2023-10-01 14:48:09,194.75,7.21,27,,False
501,Harry,King,25.0,F,69002,harryk@web.de,33495190032,basic,2025-08-28 14:51:33,2024-01-01 12:55:23,587.25,13.35,44,Macaron,True
502,Henry,Smith,53.0,F,69001,Henry.smith@free.fr,+1514734626530,Basic,2024-01-01 09:31:33,2024-12-27 12:20:19,1368525.95,27065.2,4,Macaron,True
503,James,Robinson,70.0,F,69006,jamesrobinson@yandex.com,33702997644,Gold,2004-01-23 09:51:47,2015-12-11 14:07:41,281.56,56.31,5,Tarte,False
504,Charlotte,Rodriguez,34.0,F,69001,crodriguez@hotmail.com,33124348499,Gold,2023-03-19 15:13:14,2024-01-01 13:04:48,600.58,33.37,18,,False
505,Paul,Allen,68.0,F,69001,Paul.allen@yahoo.com,33818529372,Gold,2024-01-01 16:32:35,2023-09-05 11:55:33,377.81,31.48,12,Pastries,True
506,Benjamin,Schmidt,29.0,M,69003,benjamins@gmx.de,33187097763,Basic,2023-07-22 10:08:41,2024-01-01 10:30:40,277722.4,3.52,44,Macaron,True
507,Emma,Leroy,44.0,M,69001,emmal@free.fr,33433391387,SILVER,2024-01-01 16:17:24,2024-01-01 11:17:14,939.52,22.37,42,Bread,False
508,Amelia,Weber,45.0,M,69002,AMELIA.WEBER@MAIL.COM,33351452692,Gold,2022-08-09 15:25:09,2024-01-01 14:30:32,811.1,20.8,39,Macaron,False
509,Sophie,Dubois,36.0,F,69001,sophiedubois@wanadoo.fr,33670860081,Basic,2024-01-01 14:10:12,2023-10-23 11:59:42,547.86,18.26,30,Macaron,False
510,Lukas,Miller,51.0,,69001,lukasm@hotmail.com,33750260138,Gold,2021-05-24 09:16:44,2023-12-15 09:06:18,502.05,14.34,35,Tarte,False
511,Alexander,Hoffmann,32.0,F,69007,ahoffmann@web.de,33648867108,Silver,2024-01-01 16:22:25,2024-01-01 10:47:35,280.46,10.79,26,Tarte,True
512,Thomas,Harris,40.0,F,69003,thomas_harris@outlook.com,33906730670,Silver,2021-06-28 12:23:47,2023-08-14 11:33:53,231.88,16.56,14,,False
513,Lucas,Moreau,87.0,F,69003,lucas.moreau@yandex.com,0,SILVER,2022-09-03 13:42:05,2023-08-18 14:58:30,596.18,22.93,26,Pastries,False
514,Marie,Adams,67.0,M,69001,MARIE.ADAMS@YAHOO.COM,33476872139,Silver,2022-04-19 15:46:53,2023-11-24 12:18:35,260077.55,3.22,45,Bread,False
515,Oliver,Richard,29.0,M,69001,oliverr@icloud.com,33154157596,Basic,2021-12-25 11:09:24,2024-01-01 11:31:12,711.33,711.33,1,Macaron,1
516,Louis,Garcia,31.0,F,69006,lgarcia@web.de,33121966471,Basic,2016-06-29 15:13:07,2024-01-01 14:54:22,410.82,12.84,32,Macaron,False
517,Hugo,Meyer,29.0,M,69002,Hugomeyer@mail.com,33416303295,GOLD,2024-01-01 13:42:15,2024-01-01 13:48:17,782.74,195.69,4,,False
518,Liam,Bernard,41.0,,69006,liamb@hotmail.com,0,Basic,2020-07-10 16:24:18,2024-01-01 11:48:48,208.32,6.51,32,Bread,True
519,William,Anderson,86.0,M,69007,williama@wanadoo.fr,33578281560,Basic,2022-10-09 16:52:19,2023-11-17 14:45:15,142.44,4.91,29,Tarte,False
520,Mason,Hall,43.0,M,69001,MASON_HALL@YAHOO.COM,0,BASIC,2023-03-28 16:19:26,2024-01-01 15:50:54,903.28,21.01,43,Bread,False
521,Jack,White,45.0,F,69007,jack.white@orange.fr,33829041047,Gold,2020-06-12 11:55:32,2024-01-01 14:19:47,880.28,26.68,33,Bread,0
522,Noah,Johnson,40.0,M,69003,noah.johnson@yahoo.com,33113057235,SILVER,2024-01-01 10:01:02,2023-06-23 10:55:45,613.71,32.3,19,Pastries,False
523,Emily,Martin,61.0,M,69001,emilym@hotmail.com,+1219515670889,Silver,2022-11-25 13:01:34,2024-01-01 10:39:54,758.95,36.14,21,Pastries,True
524,Isabella,Müller,62.0,F,69006,isabellam@free.fr,33538817197,Silver,2022-02-12 11:27:05,2023-01-04 11:51:18,147.34,6.41,23,Macaron,True
525,Emma,Schneider,45.0,,69007,EMMASCHNEIDER@WEB.DE,+7053163960117,Basic,2021-12-12 13:42:11,2024-01-01 13:40:36,963.71,35.69,27,Tarte,True
526,Leon,Robert,64.0,M,69001,LEONR@FREE.FR,33238645130,Gold,2023-06-17 16:16:44,2018-03-14 11:05:45,280.43,11.22,25,Pastries,False
527,Sophia,Scott,70.0,,69007,sscott@yandex.com,33605901846,Silver,2024-01-01 14:51:41,2023-10-24 15:28:59,371.33,8.25,45,Pastries,False
528,Olivia,Becker,54.0,M,69001,Olivia_becker@mail.com,33227589032,Gold,2024-01-01 15:35:20,2024-01-01 12:29:19,498.94,12.17,41,,False
529,Sophie,Martinez,35.0,,69003,sophiem@web.de,+7132044007689,Silver,2021-06-26 10:45:23,2024-01-01 14:17:12,288.94,36.12,8,Macaron,False
530,Léa,Thompson,38.0,M,69007,Lthompson@gmx.de,33454841209,Basic,2024-01-01 16:03:00,2023-11-01 09:52:49,411.14,27.41,15,,False
531,Chloé,Fischer,51.0,M,69002,chloéfischer@gmail.com,33663846947,Silver,2024-01-01 09:20:00,2023-06-25 16:40:55,622.2,69.13,9,Macaron,False
532,Harper,Lewis,43.0,M,69001,harperlewis@gmail.com,33505462161,basic,2024-01-01 16:27:39,2023-08-09 12:31:38,216.04,30.86,7,,False
533,Ethan,Walker,46.0,F,69006,ethan_walker@mail.com,+9489964064510,Basic,2024-01-01 09:20:02,2024-01-01 09:19:23,554.48,277.24,2,Tarte,True
534,Ava,Laurent,44.0,F,69006,ava.laurent@gmx.de,33793781573,Silver,2024-01-01 13:15:53,2023-05-24 11:20:43,566.01,22.64,25,Tarte,True
535,Amélie,Brown,37.0,F,69001,Amélie_brown@laposte.net,33771284261,SILVER,2021-07-02 09:39:48,2024-01-01 14:47:16,558.58,16.93,33,,False
536,Mia,Jackson,19.0,F,69001,miajackson@gmx.de,33490814338,Gold,2024-01-01 13:58:18,2023-12-02 12:53:03,988.01,109.78,9,Bread,False
537,Finn,Young,60.0,M,69003,finn.young@gmx.de,33849436461,GOLD,2021-04-15 16:43:02,2023-03-24 10:29:23,749.79,2314.6,46,Tarte,0
538,Chloe,Clark,68.0,F,69003,CHLOE_CLARK@OUTLOOK.COM,33539210253,Basic,2013-10-27 11:58:44,2016-10-26 11:35:02,335.07,33.51,10,Pastries,False
539,Hannah,Petit,31.0,,69007,hannahpetit@icloud.com,+5082876521744,Basic,2024-01-30 16:47:26,2024-01-01 11:47:53,772.7,19.32,40,Macaron,False
540,Harry,Wilson,50.0,M,69006,Harrywilson@outlook.com,33120725409,gold,2016-07-12 12:05:10,2023-07-07 12:52:01,930.58,23.26,40,Macaron,False
541,Henry,Durand,50.0,M,69001,henry_durand@laposte.net,33625824307,Gold,2023-06-09 16:03:14,2024-01-01 13:27:50,280.24,6.09,46,Macaron,False
542,James,Baker,31.0,M,69001,JAMESBAKER@OUTLOOK.COM,95,Silver,2021-11-30 16:25:30,2023-11-20 15:20:39,377.76,7.56,50,Macaron,False
543,Charlotte,Schulz,70.0,M,69002,CHARLOTTE_SCHULZ@GMX.DE,+4713815145712,Silver,2021-05-10 13:48:57,2024-01-01 13:43:01,862.49,19.17,45,,False
544,Paul,Moore,31.0,F,69003,Paul.moore@orange.fr,33117780675,Basic,2025-06-19 09:58:12,2024-01-01 12:40:56,425.54,22.4,19,,False
545,Benjamin,Wright,55.0,,69003,benjamin_wright@hotmail.com,33911668547,Basic,2021-02-10 16:11:06,2024-01-01 16:17:38,932.17,40.53,23,Bread,True
546,Emma,Thomas,69.0,M,69007,EMMAT@FREE.FR,0,Silver,2022-07-07 15:36:34,2023-09-28 12:43:56,809.49,26.98,30,Macaron,False
547,Amelia,Simon,28.0,F,69006,ASIMON@GMAIL.COM,33889058982,Gold,2023-01-28 11:04:14,2022-02-06 09:42:19,474.92,22.62,21,Pastries,True
548,Sophie,Taylor,20.0,F,69001,sophiet@gmail.com,33928185802,Basic,2021-03-12 09:39:11,2014-01-30 10:43:09,724.65,144.93,5,Macaron,False
549,Lukas,Wagner,52.0,M,69007,Lwagner@orange.fr,33754609716,BASIC,2024-01-01 14:38:17,2023-12-13 09:33:55,503.6,29.62,17,Tarte,False
550,Alexander,Green,46.0,M,69001,alexander_green@hotmail.com,0,Silver,2024-01-01 11:35:43,2024-01-01 12:52:20,75.92,10.85,7,Macaron,True
551,Thomas,King,25.0,F,69001,THOMAS_KING@WEB.DE,33660232743,Basic,2015-10-09 09:53:59,2023-08-19 12:39:59,193.56,16.13,12,Bread,False
552,Lucas,Smith,65.0,F,69007,lucassmith@icloud.com,33150713522,Basic,2014-08-30 13:37:45,2024-01-01 09:59:35,894.3,18.63,48,Pastries,False
553,Marie,Robinson,61.0,F,69006,marierobinson@outlook.com,+1524328827200,Basic,2021-11-08 16:45:20,2024-01-01 11:02:17,767.73,34.9,22,Pastries,False
554,Oliver,Rodriguez,57.0,F,69007,Oliver_rodriguez@hotmail.com,33839271720,Gold,2024-01-01 12:27:04,2024-01-01 09:18:46,238.0,8.21,29,Bread,False
555,Louis,Allen,49.0,F,69003,Louis.allen@outlook.com,33904923584,Silver,2014-05-29 12:12:30,2024-01-01 09:48:19,968.11,21.51,45,Pastries,False
556,Hugo,Schmidt,47.0,F,69003,Hugo.schmidt@hotmail.com,33473737360,Gold,2024-01-01 12:33:43,2024-01-01 14:13:38,923.21,51.29,18,Macaron,0
557,Liam,Leroy,47.0,M,69001,Liaml@icloud.com,33411227420,Gold,2021-12-04 11:26:56,2019-02-28 11:22:40,945.06,31.5,30,Macaron,False
558,William,Weber,24.0,M,69002,Wweber@web.de,33629435515,Gold,2024-01-01 13:16:55,2024-01-01 14:22:34,59.25,1.23,48,Macaron,False
559,Mason,Dubois,45.0,F,69006,MASONDUBOIS@FREE.FR,33386469453,Basic,2024-01-01 11:16:51,2024-01-01 13:53:21,556.65,185.55,3,,False
560,Jack,Miller,23.0,M,69003,jmiller@icloud.com,33458515118,Basic,2013-12-26 14:34:28,2024-01-01 10:49:43,655.53,81.94,8,,False
561,Noah,Hoffmann,43.0,F,69003,NHOFFMANN@WEB.DE,33698042561,Basic,2024-01-01 15:27:56,2024-01-01 10:23:02,1157236.5,6103.16,15,Tarte,True
562,Emily,Harris,31.0,M,69003,Emily.harris@mail.com,33986669002,Gold,2024-01-01 14:42:51,2024-01-01 09:54:47,758.14,18.05,42,Pastries,False
563,Isabella,Moreau,27.0,M,69003,isabella_moreau@orange.fr,33439610541,Basic,2024-01-01 14:35:31,2024-01-01 09:32:48,393.76,9.6,41,Pastries,True
564,Emma,Adams,67.0,F,69002,emmaa@wanadoo.fr,0,Gold,2023-05-23 16:43:13,2023-08-07 09:38:58,500.51,41.71,12,Pastries,False
565,Leon,Richard,41.0,M,69001,lrichard@outlook.com,33858647558,Silver,2013-10-13 11:00:00,2023-12-06 14:37:24,127.38,7.96,16,,False
566,Sophia,Garcia,53.0,,69003,SOPHIAG@ORANGE.FR,+9148988238872,Gold,2021-09-04 10:19:42,2024-01-01 12:47:14,934.33,30.14,31,Pastries,True
567,Olivia,Meyer,67.0,,69003,olivia_meyer@yahoo.com,33553897916,Basic,2023-12-27 15:04:25,2023-05-27 11:55:13,156.11,12.01,13,Tarte,True
568,Sophie,Bernard,34.0,M,69006,Sophieb@mail.com,33946966826,Basic,2022-04-26 12:32:10,2023-07-25 13:16:55,1300405.7,24.15,30,Macaron,False
569,Léa,Anderson,40.0,,69002,Léa.anderson@free.fr,33730391556,Gold,2023-11-15 14:25:55,2020-07-01 15:37:50,901395.15,13.95,36,,True
570,Chloé,Hall,67.0,M,69003,Chloé_hall@free.fr,33796950695,Silver,2017-10-19 14:46:08,2023-02-09 14:57:34,934.04,46.7,20,Bread,True
571,Harper,White,60.0,F,69006,harper_white@web.de,33765041028,Gold,2023-07-13 16:55:38,2024-01-01 11:17:57,778.84,17.31,45,Bread,False
572,Ethan,Johnson,61.0,M,69001,Ethanjohnson@yandex.com,27557,Silver,2022-08-28 15:54:24,2023-02-26 14:37:24,752.3,30.09,25,Tarte,True
573,Ava,Martin,49.0,F,69001,Avamartin@mail.com,33514343763,basic,2022-01-08 09:08:42,2024-01-01 13:27:10,581.36,30.6,19,Macaron,False
574,Amélie,Müller,58.0,,69002,améliemüller@protonmail.com,33728930419,Basic,2022-06-20 11:37:56,2024-01-01 12:08:15,522.63,2558.84,29,Tarte,No
575,Mia,Schneider,36.0,F,69002,mia_schneider@gmail.com,33174951491,basic,2013-07-02 14:27:56,2024-01-01 14:23:24,790.14,87.79,9,Macaron,False
576,Finn,Robert,28.0,M,69002,FINN_ROBERT@YAHOO.COM,33556058181,Silver,2024-01-01 09:03:04,2024-01-01 11:00:01,968.81,33.41,29,Macaron,True
577,Chloe,Scott,35.0,M,69007,CHLOE.SCOTT@WEB.DE,33408673535,Basic,2023-09-18 11:31:42,2024-01-01 10:04:29,907.31,20.16,45,Tarte,False
578,Hannah,Becker,50.0,F,69002,HANNAH.BECKER@GMAIL.COM,33713756938,Gold,2021-03-24 14:55:25,2024-01-01 11:57:46,448.8,49.87,9,Macaron,True
579,Harry,Martinez,30.0,M,69001,HARRY_MARTINEZ@GMX.DE,33452994929,basic,2024-01-01 13:57:04,2023-06-12 09:25:59,78.06,15.61,5,Macaron,No
580,Henry,Thompson,66.0,M,69003,henry_thompson@mail.com,+6724335305850,SILVER,2021-09-21 16:14:21,2023-09-08 09:42:22,955.41,36.75,26,Pastries,False
581,James,Fischer,32.0,M,69007,james.fischer@wanadoo.fr,33920638974,Basic,2024-01-01 09:57:15,2023-10-22 15:01:39,229.27,8.19,28,Pastries,False
582,Charlotte,Lewis,45.0,,69007,CHARLOTTE_LEWIS@GMAIL.COM,0,Basic,2023-10-12 10:43:37,2024-01-01 09:25:40,527.05,47.91,11,Tarte,True
583,Paul,Walker,68.0,F,69007,PAUL.WALKER@FREE.FR,0,Gold,2021-06-28 15:25:19,2023-12-28 13:06:29,606.26,18.37,33,Macaron,False
584,Benjamin,Laurent,31.0,F,69007,benjaminlaurent@laposte.net,33490923455,Basic,2021-10-15 11:33:29,2023-06-13 09:00:48,990.72,247.68,4,Bread,False
585,Amelia,Jackson,57.0,F,69003,Amelia_jackson@outlook.com,33516809301,Silver,2024-01-01 11:21:22,2023-02-24 11:48:31,863.05,18.36,47,Tarte,True
586,Sophie,Young,64.0,F,69001,SOPHIE.YOUNG@ORANGE.FR,33939896686,Silver,2024-01-01 12:46:08,2024-01-01 12:36:00,101.63,5.35,19,Pastries,True
587,Lukas,Clark,69.0,,69001,LUKASCLARK@WEB.DE,33580253132,Basic,2016-04-27 09:44:53,2024-01-01 12:08:03,707.4,2183.96,46,Bread,True
588,Alexander,Petit,64.0,F,69002,ALEXANDER_PETIT@FREE.FR,0,BASIC,2015-09-23 13:51:02,2024-01-01 11:05:22,800.95,160.19,5,Bread,True
589,Thomas,Wilson,56.0,M,69002,THOMASW@WEB.DE,33972699785,Basic,2024-01-01 10:35:34,2024-01-01 12:41:09,455.09,13.38,34,Macaron,False
590,Lucas,Durand,34.0,M,69002,Ldurand@wanadoo.fr,+5708476701019,Basic,2024-01-01 13:50:51,2020-09-26 09:51:00,771.78,2609.96,42,Pastries,False
591,Marie,Baker,45.0,M,69007,marie_baker@protonmail.com,33283627458,Basic,2024-01-01 13:36:05,2023-11-07 15:14:02,819.4,273.13,3,Bread,False
592,Oliver,Schulz,40.0,M,69007,Olivers@protonmail.com,28,Basic,2018-05-14 14:49:27,2023-07-19 09:31:27,616.08,36.24,17,Pastries,False
593,Louis,Moore,45.0,F,69003,Louis.moore@laposte.net,+7695771778470,Silver,2022-09-04 09:36:16,2024-01-01 14:55:09,900.9,150.15,6,Macaron,1
594,Hugo,Wright,54.0,,69002,HWRIGHT@MAIL.COM,+5824369085893,Silver,2019-11-24 09:34:23,2024-01-01 15:13:39,610.38,46.95,13,,True
595,Liam,Thomas,35.0,F,69003,Liamthomas@yahoo.com,33257761631,Gold,2021-12-25 11:47:21,2024-01-01 09:54:12,569.32,37.95,15,Pastries,False
596,William,Simon,45.0,,69006,WILLIAM_SIMON@OUTLOOK.COM,33368685279,Silver,2024-01-01 13:05:31,2023-02-25 14:01:25,348.52,24.89,14,Tarte,Y
597,Mason,Taylor,39.0,F,69006,MASONT@LAPOSTE.NET,+2061765838608,Basic,2022-12-18 14:14:11,2024-01-01 16:29:51,60.73,4.34,14,Macaron,False
598,Jack,Wagner,70.0,F,69003,jack_wagner@wanadoo.fr,33281763152,Gold,2021-11-12 15:06:24,2024-01-01 11:18:20,702.48,41.32,17,Tarte,0
599,Noah,Green,32.0,,69002,NOAH_GREEN@MAIL.COM,33902192358,Silver,2024-01-01 12:01:05,2023-04-18 14:14:28,498.75,83.12,6,,True
600,Emily,King,39.0,F,69003,emilyk@outlook.com,33554554692,Basic,2024-01-01 11:46:20,2024-01-01 16:59:11,340.27,22.68,15,,True
601,Isabella,Smith,65.0,M,69001,ismith@orange.fr,33345257085,Silver,2024-01-01 12:46:51,2023-11-22 16:52:11,878.96,54.94,16,Macaron,False
602,Emma,Robinson,45.0,F,69001,Emmar@web.de,0,Gold,2024-01-01 11:05:04,2023-05-12 16:24:26,402.88,8.06,50,Tarte,True
603,Leon,Rodriguez,70.0,F,69006,LEON.RODRIGUEZ@WANADOO.FR,33732695647,Silver,2024-01-01 11:04:24,2023-05-20 09:42:24,824.3,74.94,11,Macaron,N
604,Sophia,Allen,40.0,M,69003,Sophiaallen@yahoo.com,33405935074,Basic,2021-03-25 12:16:26,2024-01-01 12:41:46,209.62,4.37,48,Bread,True
605,Olivia,Schmidt,67.0,F,69002,olivias@web.de,33334112691,Gold,2024-01-01 16:18:38,2024-01-01 15:46:57,838.31,44.12,19,Macaron,False
606,Sophie,Leroy,39.0,M,69006,sophiel@hotmail.com,33715808950,Basic,2021-07-01 10:38:21,2024-01-01 11:36:58,348.65,7.92,44,Pastries,False
607,Léa,Weber,40.0,,69003,Léaweber@yandex.com,+1553950168856,Gold,2021-03-24 10:55:43,2023-03-11 09:34:34,932.75,21.69,43,Bread,0
608,Chloé,Dubois,63.0,F,69003,CHLOÉDUBOIS@FREE.FR,33268832922,Basic,2022-05-04 11:27:19,2024-01-01 16:02:42,792.18,23.3,34,Pastries,True
609,Harper,Miller,28.0,F,69003,harperm@outlook.com,33979351068,SILVER,2024-01-01 14:40:56,2024-01-01 10:26:31,452.1,9.42,48,Bread,True
610,Ethan,Hoffmann,63.0,,69002,Ehoffmann@laposte.net,33512653562,Silver,2022-03-28 12:32:11,2024-01-01 15:30:13,732.8,732.8,1,Macaron,False
611,Ava,Harris,69.0,F,69002,ava_harris@web.de,33604261701,Silver,2021-03-08 13:24:25,2024-01-01 14:11:11,950.81,20.67,46,Tarte,False
612,Amélie,Moreau,32.0,M,69007,amoreau@web.de,33387634443,Silver,2024-01-01 15:36:10,2024-01-01 09:35:43,296.55,2476.48,17,,True
613,Mia,Adams,18.0,F,69001,Madams@icloud.com,33534759827,Basic,2024-01-01 10:09:06,2014-01-19 14:55:38,588.25,15.08,39,,False
614,Finn,Richard,33.0,F,69006,Frichard@free.fr,0,Gold,2022-09-15 09:30:51,2023-08-12 09:08:33,841.37,16.83,50,Tarte,False
615,Chloe,Garcia,31.0,M,69001,chloegarcia@protonmail.com,33375707921,Basic,2017-02-25 15:35:05,2024-01-01 16:09:24,414.32,1177.1799999999998,50,Bread,False
616,Hannah,Meyer,50.0,M,69007,Hannahmeyer@protonmail.com,33120848987,Silver,2023-09-28 12:34:56,2023-10-11 10:19:45,565.18,113.04,5,Bread,Y
617,Harry,Bernard,40.0,F,69001,Harrybernard@free.fr,33784157854,Basic,2021-07-18 10:31:09,2024-01-01 15:27:36,692.26,2137.1,46,,False
618,Henry,Anderson,58.0,F,69001,henrya@laposte.net,33298219418,Basic,2015-02-06 15:34:47,2020-10-25 11:43:53,515.13,515.13,1,Bread,False
619,James,Hall,45.0,F,69007,JAMESHALL@YANDEX.COM,33687493667,SILVER,2018-03-08 15:55:29,2024-01-01 10:16:04,736.95,56.69,13,Tarte,False
620,Charlotte,White,70.0,M,69001,charlotte_white@free.fr,33287187640,Silver,2013-09-30 09:43:17,2023-01-13 14:20:15,93.72,7.21,13,Macaron,True
621,Paul,Johnson,67.0,F,69003,Paul.johnson@orange.fr,33635046205,Silver,2022-04-06 14:20:08,2023-06-13 15:02:33,55.11,4.24,13,,False
622,Benjamin,Martin,57.0,F,69001,BENJAMINMARTIN@ICLOUD.COM,33416359333,Silver,2024-01-01 16:56:31,2023-06-20 13:03:47,786.82,16.06,49,Bread,False
623,Amelia,Schneider,29.0,M,69002,ASCHNEIDER@YANDEX.COM,33360552945,Basic,2021-10-07 13:36:46,2024-01-01 12:21:31,261.72,7.7,34,Macaron,False
624,Sophie,Robert,32.0,M,69006,sophie.robert@web.de,+2957511717549,Basic,2022-10-21 15:54:01,2013-07-09 09:17:21,913.92,24.05,38,,True
625,Lukas,Scott,65.0,M,69002,LUKAS_SCOTT@WANADOO.FR,+4542565319273,Silver,2022-11-25 16:44:05,2023-06-02 14:32:35,984.68,36.47,27,Bread,False
626,Alexander,Becker,32.0,M,69003,alexanderbecker@gmx.de,0,SILVER,2020-06-26 11:10:17,2023-10-13 16:55:17,501.97,29.53,17,Macaron,False
627,Thomas,Martinez,69.0,M,69003,Thomasmartinez@wanadoo.fr,33417171217,GOLD,2023-10-24 14:17:07,2025-05-16 16:26:54,356.94,10.2,35,Macaron,True
628,Lucas,Thompson,67.0,,69002,lucas_thompson@outlook.com,33956062404,Basic,2021-11-02 15:52:16,2024-01-01 16:46:28,581.91,22.38,26,Pastries,True
629,Marie,Fischer,31.0,F,69002,MFISCHER@YANDEX.COM,33172141524,GOLD,2023-04-04 11:26:02,2023-01-22 10:47:25,163.4,163.4,1,Tarte,N
630,Oliver,Lewis,45.0,M,69003,olewis@mail.com,33225973551,Basic,2022-05-15 13:33:21,2024-01-01 12:44:17,165911.85,13.2,7,Pastries,True
631,Louis,Walker,42.0,F,69003,LWALKER@FREE.FR,0,Gold,2025-02-03 12:44:20,2023-03-05 14:12:37,518.56,2230.82,33,Tarte,0
632,Hugo,Laurent,45.0,F,69007,hugolaurent@hotmail.com,33813703673,Basic,2024-01-01 11:09:21,2023-12-07 16:53:41,811.77,26.19,31,Pastries,False
633,Liam,Brown,48.0,F,69001,liamb@orange.fr,33821472932,Basic,2023-04-18 16:22:48,2024-01-01 12:42:21,423.19,105.8,4,Pastries,True
634,William,Jackson,53.0,M,69006,WILLIAM.JACKSON@YAHOO.COM,33603339176,Silver,2016-06-08 10:00:43,2023-09-06 16:08:17,79.88,2.85,28,Macaron,False
635,Mason,Young,33.0,F,69001,mason_young@orange.fr,33690549949,Silver,2024-01-01 14:21:13,2019-02-16 09:00:20,67.71,1.61,42,Pastries,1
636,Jack,Clark,67.0,M,69002,Jackc@yahoo.com,33530356260,Gold,2022-02-01 11:24:13,2024-01-01 09:16:21,906905.8,14.86,34,Macaron,True
637,Noah,Petit,28.0,M,69002,NOAHP@GMX.DE,33841013622,Basic,2024-01-01 13:10:09,2023-03-02 16:02:17,941.86,29.43,32,Bread,True
638,Emily,Wilson,43.0,M,69006,Emily.wilson@yahoo.com,0,Silver,2024-01-01 15:20:04,2023-03-14 15:50:07,910.8,182.16,5,Pastries,True
639,Isabella,Durand,54.0,M,69007,isabelladurand@icloud.com,33546485371,Silver,2024-01-01 11:26:35,2023-02-01 15:46:01,1769385.35,5184.42,27,Bread,True
640,Emma,Baker,29.0,F,69001,EMMABAKER@OUTLOOK.COM,+3019205849067,Gold,2023-05-23 16:17:10,2023-12-17 11:36:33,927.9,185.58,5,Macaron,False
641,Leon,Schulz,64.0,F,69007,Leons@yandex.com,33640370353,Gold,2021-11-07 15:07:14,2024-01-01 13:37:24,527873.6,26.73,11,Macaron,False
642,Sophia,Moore,35.0,M,69002,SOPHIA_MOORE@ICLOUD.COM,0,Silver,2022-11-05 11:23:00,2024-01-01 14:22:31,789.88,87.76,9,Tarte,False
643,Olivia,Wright,19.0,M,69007,Olivia.wright@gmail.com,33365402395,Gold,2024-01-01 10:24:06,2024-01-01 15:51:33,134.56,12.23,11,Macaron,False
644,Sophie,Thomas,30.0,M,69001,sophiethomas@mail.com,33845096384,Gold,2024-01-01 13:39:45,2023-11-20 14:51:08,792.77,792.77,1,Pastries,False
645,Léa,Simon,51.0,M,69002,Léa_simon@free.fr,0,BASIC,2023-10-19 12:54:16,2023-11-22 14:46:13,470.09,17.41,27,Bread,False
646,Chloé,Taylor,22.0,M,69001,CHLOÉT@ORANGE.FR,33478511524,Gold,2023-08-01 12:55:45,2023-06-04 09:10:24,82.28,5.88,14,Pastries,True
647,Harper,Wagner,34.0,F,69002,HARPERW@GMAIL.COM,33721647376,Silver,2023-01-08 11:05:22,2013-11-16 16:10:11,1491106.5,415.35,2,Bread,False
648,Ethan,Green,23.0,F,69006,ethan.green@yandex.com,33499350782,Basic,2024-01-01 13:46:58,2023-05-12 13:29:56,904.65,4758.42,27,,False
649,Ava,King,40.0,M,69007,Aking@web.de,33316996443,Gold,2024-01-01 15:43:57,2024-01-01 16:56:32,722.52,14.45,50,Bread,True
650,Amélie,Smith,29.0,F,69001,ASMITH@YANDEX.COM,33932293527,Gold,2024-01-01 13:52:42,2023-09-18 12:25:10,652.54,28.37,23,Pastries,False
651,Mia,Robinson,51.0,M,69007,Miar@protonmail.com,33579698031,Basic,2021-12-03 10:11:06,2023-01-06 14:24:41,344.71,28.73,12,,True
652,Finn,Rodriguez,38.0,M,69003,finnrodriguez@wanadoo.fr,33388606157,Gold,2021-03-12 09:04:51,2017-08-26 12:55:34,311.67,2950.76,15,Bread,True
653,Chloe,Allen,41.0,F,69007,CALLEN@FREE.FR,+5812151425185,Silver,2021-12-22 15:27:45,2024-01-01 12:45:24,761.9,761.9,1,Bread,True
654,Hannah,Schmidt,44.0,M,69007,hannahs@yandex.com,33447949090,SILVER,2013-02-25 11:59:46,2023-11-11 15:36:52,630.36,63.04,10,Tarte,False
655,Harry,Leroy,62.0,F,69001,Harryleroy@free.fr,33681392515,Gold,2022-12-31 15:47:57,2024-01-01 12:50:11,424.03,13.25,32,Macaron,False
656,Henry,Weber,45.0,F,69001,hweber@icloud.com,+5234721891061,Basic,2021-03-13 09:01:11,2024-01-01 10:33:19,726.99,103.86,7,Macaron,False
657,James,Dubois,46.0,F,69002,jdubois@wanadoo.fr,33924528859,Silver,2024-01-01 12:46:40,2021-01-05 09:15:25,864.61,23.37,37,Bread,False
658,Charlotte,Miller,30.0,M,69007,CHARLOTTEM@HOTMAIL.COM,33441696435,Gold,2021-12-07 13:16:23,2024-01-01 09:48:30,549.09,10.98,50,Pastries,True
659,Paul,Hoffmann,69.0,F,69002,Paulhoffmann@hotmail.com,+9905576634219,Silver,2024-01-01 15:44:50,2024-01-01 14:01:51,580.22,14.51,40,Tarte,False
660,Benjamin,Harris,46.0,F,69001,BENJAMIN_HARRIS@WEB.DE,0,Gold,2023-06-07 13:26:39,2024-01-01 14:10:17,1138083.85,126.81,5,Bread,False
661,Amelia,Adams,58.0,M,69007,Ameliaa@icloud.com,33511087383,Silver,2024-01-01 13:04:59,2024-01-01 12:35:18,926.49,185.3,5,,False
662,Sophie,Richard,50.0,F,69006,Srichard@gmx.de,33833950642,Silver,2024-01-01 13:29:05,2024-01-01 11:43:27,504.05,21.0,24,Pastries,False
663,Lukas,Garcia,45.0,F,69003,LUKASG@YANDEX.COM,33586677379,Silver,2024-01-01 12:42:07,2024-01-01 09:34:08,573251.2000000001,14.52,22,,True
664,Alexander,Meyer,22.0,F,69006,Alexander.meyer@yandex.com,33325586084,Basic,2024-01-01 16:32:07,2023-04-13 10:59:48,124.75,2.97,42,,True
665,Thomas,Bernard,49.0,F,69001,THOMAS_BERNARD@GMAIL.COM,33677997814,Basic,2021-04-16 16:15:59,2024-01-01 16:39:10,428.73,11.28,38,Tarte,False
666,Lucas,Anderson,38.0,F,69002,LANDERSON@GMX.DE,33978408497,Basic,2024-01-01 09:32:39,2015-09-05 11:13:35,544.71,27.24,20,,False
667,Marie,Hall,59.0,,69003,marie_hall@gmx.de,0,Gold,2015-09-04 13:10:51,2023-02-27 15:36:18,924.79,84.07,11,Bread,True
668,Oliver,White,55.0,F,69001,oliverw@wanadoo.fr,33650377311,Basic,2021-01-20 14:08:25,2023-02-12 10:23:18,69.73,13.95,5,Tarte,True
669,Louis,Johnson,49.0,M,69001,Louis_johnson@protonmail.com,33292542182,Basic,2017-09-21 09:29:16,2023-01-26 09:20:09,556.95,27.85,20,Macaron,True
670,Hugo,Martin,29.0,M,69002,hugo_martin@orange.fr,33674524327,silver,2014-10-29 14:54:42,2023-01-25 15:25:02,123.34,8.81,14,Macaron,True
671,Liam,Müller,29.0,F,69006,liamm@laposte.net,33988461205,Gold,2021-01-04 13:36:26,2023-05-06 15:41:30,248.91,7.11,35,Bread,True
672,William,Schneider,49.0,M,69006,Williams@outlook.com,33901246652,Gold,2014-09-18 13:48:32,2024-01-01 09:28:29,427.06,11.24,38,Pastries,False
673,Mason,Robert,28.0,F,69001,Masonr@yahoo.com,4+,Gold,2025-04-23 15:05:55,2024-01-01 13:41:54,713.13,20.97,34,Pastries,False
674,Jack,Scott,68.0,M,69007,jack.scott@outlook.com,33431869264,Basic,2022-11-06 15:05:22,2024-01-01 12:29:03,587.89,97.98,6,Macaron,True
675,Noah,Becker,23.0,M,69002,Noah_becker@yandex.com,2,silver,2022-04-08 11:13:18,2024-01-01 14:19:25,575.07,4536.9,18,Macaron,True
676,Emily,Martinez,45.0,F,69001,Emily_martinez@hotmail.com,0,Silver,2024-01-01 09:55:56,2024-01-01 10:21:00,600.91,12.79,47,,True
677,Isabella,Thompson,38.0,M,69003,isabella_thompson@yandex.com,33158142555,Silver,2024-01-01 15:06:23,2024-01-01 13:55:55,406.91,50.86,8,,1
678,Emma,Fischer,45.0,F,69006,EMMA.FISCHER@HOTMAIL.COM,0,Gold,2023-07-21 09:12:30,2023-03-23 16:27:54,772.57,35.12,22,,True
679,Leon,Lewis,69.0,M,69001,LEON.LEWIS@WANADOO.FR,33702716136,Gold,2024-01-01 12:52:50,2023-10-27 14:17:35,491.17,11.69,42,Pastries,False
680,Sophia,Walker,42.0,M,69007,sophia.walker@laposte.net,33151115735,Silver,2022-09-25 11:56:32,2024-01-01 16:13:36,864.47,36.02,24,,True
681,Olivia,Laurent,39.0,M,69003,OLAURENT@YANDEX.COM,0,Basic,2024-01-01 09:29:16,2023-09-11 13:31:04,960.7,120.09,8,Bread,0
682,Sophie,Brown,69.0,F,69007,SBROWN@OUTLOOK.COM,33399719569,Gold,2024-01-01 12:54:03,2024-01-01 10:58:04,1584249.05,67.89,13,Pastries,False
683,Léa,Jackson,46.0,M,69003,ljackson@web.de,33479198153,Basic,2023-07-20 13:50:38,2024-01-01 12:04:38,570.96,12.41,46,Bread,False
684,Chloé,Young,54.0,M,69006,Chloéyoung@gmail.com,33214678146,Basic,2021-12-19 14:34:07,2024-01-01 12:44:16,352.08,8.0,44,Pastries,False
685,Harper,Clark,45.0,F,69001,harper.clark@gmx.de,+2882906381961,Basic,2023-09-15 14:04:16,2016-11-29 12:23:24,861.32,8735.84,14,Pastries,False
686,Ethan,Petit,67.0,M,69003,ETHANP@ORANGE.FR,0,Gold,2022-09-13 09:31:29,2023-08-02 13:11:24,971.71,48.59,20,Bread,False
687,Ava,Wilson,32.0,M,69007,avaw@wanadoo.fr,33323771041,Gold,2022-01-12 12:07:28,2024-01-01 10:29:29,938641.4,19.37,27,Pastries,False
688,Amélie,Durand,59.0,M,69001,AMÉLIEDURAND@YANDEX.COM,33719502107,Basic,2024-01-01 10:48:03,2024-01-01 13:09:41,587.45,20.26,29,Pastries,True
689,Mia,Baker,50.0,M,69001,mia.baker@gmail.com,33322845746,Gold,2013-03-18 13:20:25,2023-07-17 16:19:53,277.25,7.92,35,Bread,False
690,Finn,Schulz,56.0,M,69006,finn.schulz@mail.com,+5406002775965,Basic,2011-08-05 10:58:33,2023-12-26 12:59:30,912.22,39.66,23,Tarte,False
691,Chloe,Moore,64.0,M,69006,CHLOE_MOORE@MAIL.COM,33550019326,Gold,2024-01-01 10:53:45,2023-12-24 11:37:15,808.75,25.27,32,,Yes
692,Hannah,Wright,58.0,M,69006,hannah_wright@free.fr,33524525615,Basic,2016-04-04 14:02:10,2023-09-07 09:14:04,433.39,61.91,7,Macaron,False
693,Harry,Thomas,18.0,,69003,hthomas@gmail.com,33949213627,gold,2021-01-14 16:47:27,2024-01-01 14:19:11,180.82,4.31,42,Pastries,False
694,Henry,Simon,52.0,M,69002,HENRY.SIMON@PROTONMAIL.COM,33391621969,Silver,2021-07-02 15:44:58,2024-01-01 10:38:56,665.45,1928.36,49,Tarte,False
695,James,Taylor,45.0,M,69002,jamest@protonmail.com,33838470371,Basic,2024-01-01 14:52:34,2024-01-01 15:25:52,1585559.4,20.08,44,,False
696,Charlotte,Wagner,45.0,M,69007,charlottewagner@hotmail.com,33919139703,basic,2023-10-04 11:45:13,2023-08-20 11:49:01,260.54,6.06,43,Macaron,No
697,Paul,Green,43.0,M,69001,Paul_green@protonmail.com,33685461241,Gold,2024-01-01 11:34:40,2024-01-01 12:06:50,629.29,69.92,9,,False
698,Benjamin,King,45.0,M,69007,Benjamink@mail.com,33555805818,basic,2024-01-01 12:46:25,2024-01-01 15:47:38,644.73,322.37,2,Pastries,False
699,Amelia,Robinson,52.0,,69003,AMELIA.ROBINSON@LAPOSTE.NET,+2862381334149,Basic,2024-01-01 11:55:16,2023-02-25 09:18:04,519.19,18.54,28,Bread,True
700,Sophie,Rodriguez,52.0,F,69002,SOPHIE_RODRIGUEZ@YAHOO.COM,33776397443,Basic,2024-01-01 13:19:07,2023-09-17 13:20:30,233.28,6.48,36,Pastries,False
701,Lukas,Allen,18.0,F,69003,lukas_allen@gmail.com,33353819892,Gold,2024-01-01 09:37:54,2024-11-04 13:42:08,870.2,72.52,12,Tarte,True
702,Alexander,Schmidt,45.0,F,69006,ALEXANDER_SCHMIDT@ICLOUD.COM,33779921043,Gold,2021-08-13 15:56:19,2023-01-26 13:33:23,715.67,715.67,1,Bread,True
703,Thomas,Leroy,45.0,M,69002,Thomasl@gmail.com,33138606147,SILVER,2024-01-01 14:14:04,2016-11-16 09:43:06,351.43,8.79,40,,True
704,Lucas,Weber,58.0,M,69002,LUCASW@ICLOUD.COM,33426404450,gold,2022-04-08 16:22:48,2023-02-11 16:38:55,591.31,2895.38,29,Macaron,True
705,Marie,Dubois,36.0,F,69007,mdubois@orange.fr,33158361992,Gold,2023-03-22 13:09:51,2023-07-03 10:16:03,413.83,19587.48,3,Macaron,False
706,Oliver,Miller,57.0,F,69003,oliverm@hotmail.com,9,Silver,2024-01-01 11:45:19,2024-01-01 13:17:30,847.27,282.42,3,,True
707,Louis,Hoffmann,37.0,M,69006,Louis_hoffmann@yandex.com,33993478441,Silver,2021-10-13 14:36:10,2024-01-01 13:38:12,1033722.55,21.33,27,Pastries,True
708,Hugo,Harris,32.0,F,69002,Hugo_harris@gmail.com,33570318383,Silver,2022-06-15 09:59:22,2024-01-01 16:59:27,464.18,21.1,22,Bread,False
709,Liam,Moreau,26.0,F,69007,Liammoreau@gmx.de,+175963667735,basic,2022-05-03 14:34:32,2024-01-01 14:58:35,733.97,26.21,28,Bread,False
710,William,Adams,22.0,M,69006,Williamadams@wanadoo.fr,+1744725785456,Basic,2024-01-01 16:03:05,2009-08-24 16:12:24,888.39,42.3,21,,True
711,Mason,Richard,51.0,M,69002,Mason_richard@web.de,0,Gold,2022-03-15 10:11:51,2023-09-04 16:57:51,309.58,9.99,31,,False
712,Jack,Garcia,69.0,M,69001,jack_garcia@mail.com,+8178058653895,GOLD,2022-05-05 15:24:22,2024-01-01 15:46:31,121.35,2.43,50,,False
713,Noah,Meyer,37.0,F,69002,nmeyer@free.fr,33885642178,Gold,2021-06-11 09:07:21,2023-06-20 11:28:43,521.03,11.84,44,Pastries,False
714,Emily,Bernard,64.0,,69002,EMILYB@ORANGE.FR,0,Gold,2024-01-01 16:52:02,2023-03-23 09:55:03,789.2,16.79,47,Tarte,True
715,Isabella,Anderson,54.0,M,69002,isabella_anderson@gmail.com,33927586617,SILVER,2024-01-01 15:51:56,2024-01-01 09:00:13,636.12,42.41,15,Pastries,True
716,Emma,Hall,45.0,,69001,Emma_hall@mail.com,33549270800,gold,2023-05-25 14:42:48,2024-01-01 12:48:21,527.48,32.97,16,Macaron,True
717,Leon,White,54.0,F,69003,LEONW@FREE.FR,33223159760,Gold,2022-05-10 14:01:49,2023-07-27 14:36:12,1077484.65,22.23,27,Macaron,False
718,Sophia,Johnson,62.0,F,69002,sophia_johnson@hotmail.com,33719937265,Basic,2023-03-04 15:30:22,2024-01-01 09:59:08,322.42,7.68,42,Tarte,True
719,Olivia,Martin,30.0,M,69002,oliviam@gmx.de,+9572618001752,Gold,2024-01-01 09:27:55,2024-01-01 16:37:18,218.42,36.4,6,Bread,False
720,Sophie,Müller,24.0,F,69007,SMÜLLER@PROTONMAIL.COM,33262968967,Basic,2024-01-01 09:53:18,2024-01-01 15:06:34,930.29,93.03,10,Pastries,False
721,Léa,Schneider,34.0,M,69006,Léa.schneider@hotmail.com,33616450898,Basic,2024-01-01 15:29:51,2023-05-03 09:33:56,411.74,34.31,12,Pastries,True
722,Chloé,Robert,39.0,F,69001,crobert@wanadoo.fr,33651023832,Basic,2013-08-27 11:57:53,2024-01-01 12:05:49,209243.15,752.6,22,Macaron,False
723,Harper,Scott,46.0,M,69002,Harper.scott@web.de,33163413054,BASIC,2019-07-19 16:10:52,2024-01-01 09:06:00,518.8,17.89,29,Tarte,False
724,Ethan,Becker,23.0,M,69006,ethan.becker@mail.com,33818990669,gold,2015-06-19 10:54:53,2023-11-14 09:01:43,770.82,20.83,37,Tarte,False
725,Ava,Martinez,45.0,M,69002,AVA_MARTINEZ@YAHOO.COM,33571410176,silver,2024-01-01 09:24:37,2024-01-01 09:20:32,427.26,10.17,42,Tarte,True
726,Amélie,Thompson,22.0,M,69003,améliethompson@mail.com,33330434783,Gold,2024-01-01 09:22:38,2023-06-12 09:25:13,516.32,12.01,43,,False
727,Mia,Fischer,57.0,F,69002,MIAFISCHER@WEB.DE,33219014159,Silver,2021-12-20 12:45:18,2023-04-10 09:55:14,280.78,18.72,15,Bread,Y
728,Finn,Lewis,65.0,M,69001,FINNL@YANDEX.COM,33565712891,BASIC,2021-04-10 14:21:34,2016-02-10 14:31:49,821.42,24.16,34,Pastries,True
729,Chloe,Walker,55.0,F,69007,cwalker@icloud.com,0,Silver,2023-11-26 14:04:18,2024-01-01 16:47:21,864633.55,53.52,9,Pastries,False
730,Hannah,Laurent,24.0,F,69003,Hlaurent@gmail.com,14,Silver,2024-01-01 10:55:45,2020-01-25 16:58:14,964.61,34.45,28,Pastries,True
731,Harry,Brown,69.0,M,69001,harrybrown@hotmail.com,+,Silver,2015-08-12 15:52:17,2024-01-01 13:41:30,636.39,27.67,23,Pastries,True
732,Henry,Jackson,47.0,F,69007,henryjackson@mail.com,33766480166,Basic,2024-01-01 14:07:55,2023-04-17 09:09:07,621.27,24.85,25,Pastries,True
733,James,Young,32.0,F,69002,JYOUNG@OUTLOOK.COM,33705296107,SILVER,2023-04-05 11:45:40,2023-06-26 10:14:58,228.47,12.69,18,,False
734,Charlotte,Clark,30.0,F,69006,charlottec@laposte.net,33663876741,Gold,2024-01-01 13:32:12,2023-12-11 10:25:08,820.91,51.31,16,Bread,False
735,Paul,Petit,23.0,F,69007,PAULPETIT@ICLOUD.COM,33142164594,Gold,2021-06-10 14:29:25,2024-01-01 11:18:41,708.18,17.27,41,Tarte,False
736,Benjamin,Wilson,42.0,M,69003,benjaminw@icloud.com,0,Gold,2022-02-20 14:48:48,2023-07-11 13:06:20,494.97,123.74,4,Macaron,False
737,Amelia,Baker,35.0,M,69003,AMELIABAKER@WANADOO.FR,33402634481,Gold,2024-01-01 11:30:11,2017-12-19 14:45:28,845.86,18.0,47,Pastries,False
738,Sophie,Schulz,59.0,,69002,sophie.schulz@gmx.de,33673327105,Silver,2021-11-16 12:48:24,2024-01-01 15:49:27,1149051.3,42.68,15,Macaron,True
739,Lukas,Moore,25.0,,69006,lukas.moore@yahoo.com,33959168414,Basic,2024-01-01 14:11:07,2024-01-01 10:28:14,520.36,47.31,11,Macaron,False
740,Alexander,Wright,45.0,F,69003,awright@protonmail.com,+355911093425,SILVER,2009-12-17 10:29:23,2022-12-15 11:43:44,822.16,24.91,33,Bread,False
741,Thomas,Thomas,44.0,,69003,Thomas_thomas@yandex.com,0,Gold,2022-08-08 10:14:38,2023-03-21 16:04:15,647.73,14.72,44,Tarte,True
742,Lucas,Simon,18.0,M,69001,LUCAS_SIMON@PROTONMAIL.COM,33689141628,Gold,2024-01-01 10:48:18,2024-01-01 09:33:50,182.71,4.68,39,Pastries,True
743,Marie,Taylor,45.0,M,69003,MTAYLOR@HOTMAIL.COM,33666389416,Basic,2022-07-21 12:06:30,2023-02-20 13:04:44,897.55,17.95,50,Macaron,True
744,Oliver,Wagner,38.0,M,69002,Owagner@orange.fr,33516906634,Basic,2018-06-25 10:54:57,2024-01-01 15:32:09,898.68,17.97,50,Bread,False
745,Louis,Green,68.0,M,69002,LOUIS_GREEN@OUTLOOK.COM,33941018362,Gold,2024-01-01 10:25:48,2016-03-01 13:34:22,453.71,15.12,30,Macaron,True
746,Hugo,King,26.0,M,69003,HKING@OUTLOOK.COM,0,Gold,2024-01-01 09:44:08,2024-01-01 10:00:43,99.91,322.34,44,,False
747,Liam,Smith,37.0,M,69007,lsmith@wanadoo.fr,2+,Gold,2021-12-14 10:29:20,2023-08-18 15:19:17,711.65,3062.94,33,Bread,False
748,William,Robinson,52.0,M,69002,Wrobinson@yandex.com,+1806771481539,Gold,2024-01-01 12:16:10,2023-10-26 09:37:22,659016.2999999999,11.13,33,,False
749,Mason,Rodriguez,51.0,F,69006,Masonrodriguez@gmail.com,33998627313,Basic,2024-01-01 16:20:52,2024-01-01 14:39:22,590483.2,32.9,10,Bread,False
750,Jack,Allen,40.0,M,69003,Jacka@hotmail.com,33465316219,Basic,2024-01-01 12:22:10,2024-01-01 12:50:33,100.28,7.71,13,Pastries,False
751,Noah,Schmidt,21.0,M,69003,Nschmidt@mail.com,33340862100,Silver,2022-12-11 12:52:31,2015-11-23 16:24:06,240.24,12.64,19,Pastries,False
752,Emily,Leroy,69.0,M,69003,emily.leroy@yahoo.com,4,Gold,2022-04-21 15:16:38,2023-04-07 09:46:23,716.42,23.88,30,Macaron,True
753,Isabella,Weber,44.0,M,69002,isabella.weber@orange.fr,33772649331,Silver,2021-04-11 11:31:47,2023-06-12 14:41:53,399.16,9.98,40,,False
754,Emma,Dubois,20.0,M,69003,Emmadubois@wanadoo.fr,33873543544,Basic,2022-06-08 14:03:31,2024-01-01 16:11:00,225.75,56.44,4,Bread,True
755,Leon,Miller,66.0,F,69007,LEONMILLER@PROTONMAIL.COM,+4453662797491,Basic,2024-01-01 16:13:24,2023-08-07 14:12:47,212.83,1888.6,16,Bread,False
756,Sophia,Hoffmann,37.0,F,69002,shoffmann@mail.com,20,gold,2022-11-09 14:45:38,2023-06-20 11:28:31,573.22,11628.38,7,Macaron,False
757,Olivia,Harris,18.0,M,69007,Oharris@hotmail.com,33554398186,Silver,2024-01-01 14:03:23,2024-01-01 11:25:26,173.59,6.2,28,Tarte,False
758,Sophie,Moreau,20.0,M,69007,SMOREAU@WEB.DE,0,SILVER,2024-01-01 12:26:43,2015-09-17 13:59:16,669.87,33.49,20,Macaron,False
759,Léa,Adams,53.0,F,69006,Ladams@wanadoo.fr,33946615862,Gold,2021-03-10 16:35:45,2023-01-04 10:29:20,852.91,19.38,44,Bread,True
760,Chloé,Richard,64.0,F,69002,CHLOÉ_RICHARD@WEB.DE,33659130106,Basic,2021-07-05 15:07:26,2024-01-01 11:53:41,756.0,20.43,37,,False
761,Harper,Garcia,24.0,F,69001,harper.garcia@mail.com,33937327207,Basic,2019-11-08 11:59:59,2023-05-08 12:31:25,463.66,13.64,34,Tarte,True
762,Ethan,Meyer,20.0,M,69006,EMEYER@OUTLOOK.COM,33604225074,Basic,2021-05-12 14:17:38,2023-10-06 15:38:06,817.91,68.16,12,Pastries,False
763,Ava,Bernard,32.0,F,69002,abernard@outlook.com,+6174596316096,Silver,2021-03-25 14:06:37,2024-01-01 13:41:07,149.88,4.83,31,Tarte,True
764,Amélie,Anderson,58.0,M,69003,amélieanderson@web.de,33191517125,Silver,2024-01-01 11:00:03,2024-01-01 13:47:06,148.64,11.43,13,Bread,True
765,Mia,Hall,24.0,F,69007,MIA.HALL@YANDEX.COM,33745027915,Silver,2017-01-28 16:20:57,2023-11-07 11:59:53,835.23,46.4,18,Bread,False
766,Finn,White,43.0,M,69002,FINN_WHITE@OUTLOOK.COM,+8032227238578,Basic,2012-12-28 13:37:39,2023-01-04 10:24:52,373.08,10.66,35,,True
767,Chloe,Johnson,30.0,M,69007,Chloejohnson@icloud.com,33480385726,gold,2021-09-23 15:56:06,2017-08-08 16:56:40,441.11,63.02,7,Macaron,False
768,Hannah,Martin,62.0,F,69006,Hannahmartin@icloud.com,33373028613,Gold,2024-01-01 11:51:41,2023-12-04 12:57:28,319.27,9.12,35,Bread,False
769,Harry,Müller,29.0,M,69003,HMÜLLER@PROTONMAIL.COM,33572584114,Silver,2024-01-01 09:37:54,2023-06-25 16:46:44,367.55,30.63,12,Macaron,False
770,Henry,Schneider,26.0,M,69003,Henry_schneider@hotmail.com,33872628406,Basic,2021-08-18 15:54:54,2024-01-01 14:33:34,660.95,34.79,19,Macaron,True
771,James,Robert,25.0,F,69003,JAMES.ROBERT@YAHOO.COM,+636961924086,GOLD,2020-09-18 09:13:26,2024-01-01 14:01:17,1150397.55,160.22,4,,False
772,Charlotte,Scott,22.0,F,69003,cscott@yahoo.com,33866657426,Basic,2022-08-22 16:57:35,2024-01-01 13:08:17,562.01,20.07,28,Pastries,False
773,Paul,Becker,25.0,F,69001,paulb@yandex.com,33883049480,Basic,2020-05-21 10:16:14,2024-01-01 12:27:37,150.15,16.68,9,Tarte,False
774,Benjamin,Martinez,46.0,M,69006,BENJAMINMARTINEZ@GMX.DE,33779841493,Gold,2024-01-01 16:32:19,2023-11-02 09:14:37,126.62,7.45,17,Bread,False
775,Amelia,Fischer,54.0,F,69001,AMELIA.FISCHER@WEB.DE,33657744122,Gold,2023-06-23 10:14:33,2024-01-01 09:06:43,306.9,871.88,50,Macaron,True
776,Sophie,Lewis,19.0,M,69002,Sophiel@wanadoo.fr,33242037715,Gold,2021-05-23 14:22:22,2024-01-01 16:59:17,732.93,17.88,41,Bread,True
777,Lukas,Walker,48.0,F,69003,Lukas_walker@hotmail.com,33750441195,Silver,2024-01-01 13:13:53,2014-11-20 09:20:07,205.4,25.68,8,Tarte,True
778,Alexander,Laurent,63.0,F,69002,ALEXANDER_LAURENT@FREE.FR,33307652694,Silver,2022-08-24 16:39:36,2024-01-01 14:48:58,886.38,26.07,34,Bread,False
779,Thomas,Brown,54.0,F,69007,thomasb@laposte.net,33552872165,SILVER,2022-08-22 12:07:01,2024-01-01 09:59:16,642.82,42.85,15,Pastries,False
780,Lucas,Jackson,19.0,F,69006,Lucasj@gmx.de,8+,Basic,2024-01-01 13:38:28,2024-01-01 14:00:43,387.59,22.8,17,Pastries,True
781,Marie,Young,38.0,F,69002,Marieyoung@free.fr,33389970314,Gold,2023-09-15 14:43:13,2023-12-02 15:04:18,979.77,25.78,38,Macaron,False
782,Oliver,Clark,68.0,F,69006,oliver.clark@yandex.com,33565450010,Gold,2024-01-01 13:50:26,2014-09-12 11:25:43,106.86,3.34,32,,False
783,Louis,Petit,55.0,,69007,louis_petit@yahoo.com,66+,Silver,2017-03-16 15:28:41,2024-01-01 15:13:50,349.2,49586.4,1,Macaron,False
784,Hugo,Wilson,28.0,F,69003,Hwilson@free.fr,1,Basic,2023-12-08 09:21:15,2023-11-06 10:55:24,246.74,5.61,44,Tarte,False
785,Liam,Durand,48.0,F,69007,liamdurand@outlook.com,+3903478947482,Gold,2022-02-20 15:53:26,2024-01-01 12:40:55,704.61,176.15,4,Pastries,False
786,William,Baker,50.0,F,69007,WILLIAMBAKER@WANADOO.FR,33294552329,basic,2024-02-07 10:58:31,2023-02-26 09:25:36,499.95,17.24,29,Bread,True
787,Mason,Schulz,63.0,M,69002,Mason.schulz@gmx.de,33755246705,GOLD,2013-05-17 10:29:41,2023-11-01 13:53:44,441.41,16.35,27,,False
788,Jack,Moore,63.0,,69006,JACKMOORE@LAPOSTE.NET,+3145831732797,Silver,2024-01-01 15:37:22,2025-12-06 14:05:45,949.89,52.77,18,Pastries,False
789,Noah,Wright,47.0,M,69002,noahwright@gmx.de,33865640314,Gold,2024-01-01 11:57:58,2023-05-12 14:24:02,948.15,39.51,24,Macaron,True
790,Emily,Thomas,58.0,F,69001,emily_thomas@yahoo.com,33447484047,GOLD,2022-09-10 09:17:21,2023-03-05 16:24:03,866.49,39.39,22,Bread,True
791,Isabella,Simon,61.0,F,69001,Isabellasimon@mail.com,33681815673,Basic,2024-01-01 09:53:06,2024-01-01 11:54:45,955.35,136.48,7,Tarte,False
792,Emma,Taylor,39.0,F,69007,etaylor@icloud.com,33901957946,Silver,2023-06-25 09:01:42,2023-05-27 11:00:15,985.41,31.79,31,,True
793,Leon,Wagner,41.0,F,69007,Leon.wagner@orange.fr,33815263818,Basic,2022-01-02 13:13:44,2009-02-20 16:33:27,462.02,14.9,31,,True
794,Sophia,Green,51.0,F,69003,SOPHIA_GREEN@GMAIL.COM,33832694916,Silver,2024-01-01 15:38:52,2024-01-01 16:09:30,472.5,10.74,44,Pastries,True
795,Olivia,King,20.0,M,69006,OLIVIAKING@FREE.FR,33230144728,gold,2024-01-01 15:05:49,2013-11-30 12:16:21,97.14,2.07,47,Macaron,False
796,Sophie,Smith,22.0,M,69002,sophie.smith@gmx.de,33430817313,Silver,2021-06-15 16:48:10,2023-02-02 09:42:39,725.19,60.43,12,Pastries,True
797,Léa,Robinson,20.0,F,69002,léar@web.de,33387023621,Basic,2024-01-01 15:32:23,2024-01-01 15:42:44,645.18,20.81,31,,True
798,Chloé,Rodriguez,58.0,F,69002,crodriguez@yahoo.com,33189685895,Gold,2024-01-01 12:40:30,2024-01-01 09:07:30,983157.4,18.26,30,Pastries,True
799,Harper,Allen,41.0,M,69003,harperallen@gmail.com,+9169986753079,BASIC,2023-01-17 13:09:04,2024-01-01 16:14:00,272.38,27.24,10,Macaron,True
800,Ethan,Schmidt,61.0,,69007,ETHAN_SCHMIDT@YAHOO.COM,33657268197,Silver,2024-01-01 13:09:54,2024-01-01 14:33:07,328.69,8.65,38,,True
801,Ava,Leroy,27.0,M,69003,Ava_leroy@free.fr,33509759270,Basic,2022-06-23 09:52:34,2024-06-23 15:17:16,546.23,14.37,38,Tarte,True
802,Amélie,Weber,67.0,F,69003,Amélie.weber@protonmail.com,33104214356,Basic,2024-01-01 13:03:46,2024-01-01 16:37:19,496.1,18.37,27,Pastries,False
803,Mia,Dubois,40.0,,69006,Miad@wanadoo.fr,33988083857,Gold,2024-01-01 13:10:44,2017-09-20 10:51:34,380.96,7.77,49,Tarte,True
804,Finn,Miller,40.0,F,69006,fmiller@wanadoo.fr,33360003770,Basic,2023-06-21 13:11:44,2023-05-15 09:28:20,791.27,87.92,9,Macaron,True
805,Chloe,Hoffmann,65.0,F,69006,chloeh@orange.fr,33184634845,Silver,2024-01-01 12:25:28,2002-12-02 12:06:42,736.52,17.54,42,Pastries,Y
806,Hannah,Harris,67.0,M,69002,hannahh@wanadoo.fr,33613477526,Basic,2020-03-17 13:43:54,2023-08-18 09:57:06,934871.9,11.32,46,,False
807,Harry,Moreau,45.0,M,69007,harry_moreau@free.fr,33605924316,gold,2021-12-10 11:47:18,2024-01-01 11:17:35,686.64,2378.5,41,,False
808,Henry,Adams,39.0,F,69006,Henry_adams@web.de,33242204360,Gold,2024-01-01 09:18:00,2024-01-01 09:42:27,400.32,44.48,9,Pastries,False
809,James,Richard,64.0,,69001,JRICHARD@YAHOO.COM,33164474504,Silver,2022-09-26 13:16:58,2024-01-01 09:03:12,513.47,23.34,22,Tarte,Yes
810,Charlotte,Garcia,37.0,,69003,charlotte_garcia@hotmail.com,33537861484,basic,2021-11-02 16:17:04,2023-11-18 12:20:05,899.0,52.88,17,Macaron,True
811,Paul,Meyer,58.0,M,69002,Paulm@icloud.com,68,Basic,2024-01-01 15:29:25,2024-01-01 13:09:38,200.68,6.47,31,,False
812,Benjamin,Bernard,47.0,M,69002,Bbernard@orange.fr,33348637349,Silver,2022-04-14 12:26:58,2024-01-01 12:48:12,539.54,26.98,20,Pastries,True
813,Amelia,Hall,45.0,F,69003,Ameliah@gmail.com,33911870940,Silver,2016-12-08 10:43:26,2024-01-01 14:33:08,392.6,26.17,15,Tarte,True
814,Sophie,White,25.0,M,69006,sophie_white@gmail.com,33808158106,Gold,2019-05-08 09:28:45,2024-01-01 14:38:01,336.31,8.41,40,,False
815,Lukas,Johnson,61.0,M,69007,lukasjohnson@outlook.com,5,Gold,2023-06-02 16:41:04,2024-01-01 09:03:52,786.69,35.76,22,Macaron,False
816,Alexander,Martin,45.0,F,69003,alexander_martin@free.fr,33254485802,Gold,2022-10-22 14:08:12,2024-01-01 15:49:43,279.27,27.93,10,,True
817,Thomas,Müller,66.0,M,69001,thomasm@gmx.de,33773982536,Silver,2018-03-07 09:20:29,2023-06-11 10:20:01,881.41,24.48,36,Macaron,False
818,Lucas,Schneider,30.0,M,69002,lucas_schneider@wanadoo.fr,33586820685,Gold,2024-01-01 15:23:39,2024-01-01 14:02:19,335.83,7.15,47,Bread,False
819,Marie,Robert,48.0,M,69002,marierobert@gmail.com,33292134829,Gold,2022-03-12 14:46:37,2025-11-16 13:21:25,123.93,4.27,29,Bread,False
820,Oliver,Scott,35.0,,69003,OLIVER.SCOTT@ICLOUD.COM,56,Basic,2025-07-23 12:06:05,2023-07-17 15:39:05,134.78,3.74,36,Macaron,False
